date,ticker,t,satisfied,date,trigger_t,t_hourly,close,ngex,eps,timestamp,vma,regime,uband,lband,trend,sm_ngex,sm_eps,max_eps_2d,min_eps_2d,signal_time
5/3/2023,FANG,2023-05-03 18:45:00+00:00,TRUE,5/3/2023,2023-05-03 18:40:00+00:00,2023-05-03 18:00:00+00:00,131.31,9.93895,98.614164,2023-05-03T17:30:00,-10759349.68,1,-8773176.184,-12745523.18,Bullish,0.031449349,0.970761251,0.970761251,0.661564732,2023-05-03 17:00:00+00:00
5/3/2023,GD,2023-05-03 16:05:00+00:00,TRUE,5/3/2023,2023-05-03 16:00:00+00:00,2023-05-03 16:00:00+00:00,211.625,45.128205,99.60928,2023-05-03T15:30:00,-52078.80674,1,174130.3831,-278287.9966,Bullish,0.582169205,0.975025387,0.982594756,0.960976325,2023-05-03 15:00:00+00:00
5/3/2023,MPC,2023-05-03 15:35:00+00:00,TRUE,5/3/2023,2023-05-03 15:30:00+00:00,2023-05-03 15:00:00+00:00,112.24,6.483516,99.85348,2023-05-03T13:30:00,-2501800.289,1,-571014.3785,-4432586.199,Bullish,0.029045459,0.94103237,0.941498103,0.878223079,2023-05-03 14:00:00+00:00
5/3/2023,NXPI,2023-05-03 15:00:00+00:00,TRUE,5/3/2023,2023-05-03 14:55:00+00:00,2023-05-03 14:00:00+00:00,170.7,94.151404,58.076923,2023-05-03T13:30:00,-412225.9035,1,1344508.776,-2168960.583,Bullish,0.852625841,0.580580332,0.836315488,0.580578366,2023-05-02 19:59:00+00:00
5/3/2023,PANW,2023-05-03 18:45:00+00:00,TRUE,5/3/2023,2023-05-03 18:40:00+00:00,2023-05-03 18:00:00+00:00,89.505,42.380952,94.438339,2023-05-03T17:30:00,-1981197.06,1,1232587.158,-5194981.277,Bullish,0.412350452,0.974658826,0.980946435,0.963360695,2023-05-03 17:00:00+00:00
5/3/2023,URI,2023-05-03 17:30:00+00:00,TRUE,5/3/2023,2023-05-03 17:25:00+00:00,2023-05-03 17:00:00+00:00,357,75.091575,81.282051,2023-05-03T15:30:00,-136449.8247,1,355443.0162,-628342.6656,Bullish,0.810040553,0.926781864,0.986593691,0.926781864,2023-05-03 15:59:00+00:00
5/3/2023,VLO,2023-05-03 16:05:00+00:00,TRUE,5/3/2023,2023-05-03 16:00:00+00:00,2023-05-03 16:00:00+00:00,107.97,18.241758,99.53602,2023-05-03T15:30:00,-6370384.5,1,-4673896.205,-8066872.795,Bullish,0.209409873,0.990432749,0.990657322,0.976005721,2023-05-03 15:00:00+00:00
5/4/2023,AMD,2023-05-04 18:40:00+00:00,TRUE,5/4/2023,2023-05-04 18:35:00+00:00,2023-05-04 18:00:00+00:00,89.34,81.074481,89.52381,2023-05-04T17:30:00,-547661.5454,1,30065423.47,-31160746.56,Bullish,0.041912487,0.978444584,0.978444584,0.744635265,2023-05-04 17:00:00+00:00
5/4/2023,EL,2023-05-04 15:30:00+00:00,TRUE,5/4/2023,2023-05-04 15:25:00+00:00,2023-05-04 15:00:00+00:00,200.015,92.289377,98.473748,2023-05-04T13:30:00,-795978.1996,1,-53586.35463,-1538370.045,Bullish,0.501823801,0.887667489,0.887675617,0.569694052,2023-05-04 14:00:00+00:00
5/4/2023,FANG,2023-05-04 17:20:00+00:00,TRUE,5/4/2023,2023-05-04 17:15:00+00:00,2023-05-04 17:00:00+00:00,128.41,5.323565,99.285714,2023-05-04T15:30:00,-10697291.45,1,-8239459.917,-13155122.99,Bullish,0.061882125,1,1,0.777128304,2023-05-04 16:00:00+00:00
5/4/2023,PPG,2023-05-04 14:05:00+00:00,TRUE,5/4/2023,2023-05-04 14:00:00+00:00,2023-05-04 14:00:00+00:00,136.55,25.384615,99.230769,2023-05-04T13:30:00,-422657.4533,1,-201482.2698,-643832.6368,Bullish,0.736990053,0.896171127,0.983066748,0.896171127,2023-05-03 19:59:00+00:00
5/4/2023,SEDG,2023-05-04 18:55:00+00:00,TRUE,5/4/2023,2023-05-04 18:50:00+00:00,2023-05-04 18:00:00+00:00,282.805,72.515263,66.465201,2023-05-04T17:30:00,-353802.126,1,188044.785,-895649.0369,Bullish,0.327778729,0.836178534,0.935821631,0.835700075,2023-05-04 17:00:00+00:00
5/4/2023,WOLF,2023-05-04 14:05:00+00:00,TRUE,5/4/2023,2023-05-04 14:00:00+00:00,2023-05-04 14:00:00+00:00,41.95,28.492063,0.177045,2023-05-04T13:30:00,-905303.332,1,-402967.8719,-1407638.792,Bullish,0.660635243,0.314612099,0.835371896,0.314612099,2023-05-03 19:59:00+00:00
5/5/2023,CAR,2023-05-05 15:10:00+00:00,TRUE,5/5/2023,2023-05-05 15:05:00+00:00,2023-05-05 15:00:00+00:00,166.06,22.985348,95.384912,2023-05-05T13:30:00,-86740.18841,1,496182.9696,-669663.3464,Bullish,0.26071205,0.918698356,0.918753629,0.672835443,2023-05-05 14:00:00+00:00
5/5/2023,DPZ,2023-05-05 18:50:00+00:00,TRUE,5/5/2023,2023-05-05 18:45:00+00:00,2023-05-05 18:00:00+00:00,311.6,42.912088,97.203907,2023-05-05T17:30:00,-562721.198,1,-278630.6703,-846811.7257,Bullish,0.544157473,0.952814662,0.992114132,0.952750944,2023-05-05 17:00:00+00:00
5/5/2023,EOG,2023-05-05 15:00:00+00:00,TRUE,5/5/2023,2023-05-05 14:55:00+00:00,2023-05-05 14:00:00+00:00,117.635,91.929182,59.981685,2023-05-05T13:30:00,-408224.0453,1,515246.1066,-1331694.197,Bullish,0.117221301,0.956700632,0.978066654,0.907042032,2023-05-04 19:59:00+00:00
5/5/2023,GE,2023-05-05 16:20:00+00:00,TRUE,5/5/2023,2023-05-05 16:15:00+00:00,2023-05-05 16:00:00+00:00,100.09,56.605617,85.531136,2023-05-05T15:30:00,1104856.941,1,4069519.026,-1859805.144,Bullish,0.394388369,0.847782454,0.850175028,0.836659919,2023-05-05 15:00:00+00:00
5/5/2023,HOG,2023-05-05 18:25:00+00:00,TRUE,5/5/2023,2023-05-05 18:20:00+00:00,2023-05-05 18:00:00+00:00,34.7,70.695971,97.112332,2023-05-05T17:30:00,-6302676.64,1,-5588182.419,-7017170.861,Bullish,0.611206756,0.97872929,1,0.973044648,2023-05-05 17:00:00+00:00
5/5/2023,SEDG,2023-05-05 14:50:00+00:00,TRUE,5/5/2023,2023-05-05 14:45:00+00:00,2023-05-05 14:00:00+00:00,285.02,66.001221,86.471306,2023-05-05T13:30:00,-236359.552,1,439282.0583,-912001.1623,Bullish,0.532502602,0.747188343,0.923200448,0.747188343,2023-05-04 19:59:00+00:00
5/5/2023,WDAY,2023-05-05 16:10:00+00:00,TRUE,5/5/2023,2023-05-05 16:05:00+00:00,2023-05-05 16:00:00+00:00,181.86,60.610501,98.595849,2023-05-05T15:30:00,-1179945.519,1,-401681.1639,-1958209.875,Bullish,0.271911016,0.974590891,0.974638626,0.933943451,2023-05-05 15:00:00+00:00
5/8/2023,COP,2023-05-08 18:25:00+00:00,TRUE,5/8/2023,2023-05-08 18:20:00+00:00,2023-05-08 18:00:00+00:00,101.7201,59.65812,2.173382,2023-05-08T17:30:00,636584.3681,1,1521499.314,-248330.5776,Bullish,0.607161584,0.496019551,0.839198547,0.496019551,2023-05-08 17:00:00+00:00
5/8/2023,GD,2023-05-08 18:25:00+00:00,TRUE,5/8/2023,2023-05-08 18:20:00+00:00,2023-05-08 18:00:00+00:00,210.59,52.905983,92.753358,2023-05-08T17:30:00,-57098.38113,1,229321.1974,-343517.9596,Bullish,0.443794551,0.924292252,0.971244852,0.924285315,2023-05-08 17:00:00+00:00
5/8/2023,ILMN,2023-05-08 17:20:00+00:00,TRUE,5/8/2023,2023-05-08 17:15:00+00:00,2023-05-08 17:00:00+00:00,196.84,14.761905,88.650794,2023-05-08T15:30:00,-900231.4205,1,-474008.8438,-1326453.997,Bullish,0.04240181,0.890679503,0.939610403,0.890676663,2023-05-08 16:00:00+00:00
5/8/2023,INTU,2023-05-08 14:05:00+00:00,TRUE,5/8/2023,2023-05-08 14:00:00+00:00,2023-05-08 14:00:00+00:00,417.06,33.443223,98.229548,2023-05-08T13:30:00,-764728.1625,1,-151175.5072,-1378280.818,Bullish,0.149468625,0.844385504,0.844385504,0.813999969,2023-05-05 19:59:00+00:00
5/8/2023,META,2023-05-08 17:00:00+00:00,TRUE,5/8/2023,2023-05-08 16:55:00+00:00,2023-05-08 16:00:00+00:00,232.22,18.290598,95.787546,2023-05-08T15:30:00,-2799571.767,1,19620406.56,-25219550.09,Bullish,0,0.979465642,0.985137047,0.979323454,2023-05-08 15:00:00+00:00
5/8/2023,MOS,2023-05-08 18:05:00+00:00,TRUE,5/8/2023,2023-05-08 18:00:00+00:00,2023-05-08 18:00:00+00:00,38.13,45.445665,95.445665,2023-05-08T17:30:00,-1470492.998,1,-24306.78144,-2916679.215,Bullish,0.125069686,0.987935376,0.987935376,0.884112407,2023-05-08 17:00:00+00:00
5/8/2023,QCOM,2023-05-08 14:25:00+00:00,TRUE,5/8/2023,2023-05-08 14:20:00+00:00,2023-05-08 14:00:00+00:00,107.24,7.228327,94.664225,2023-05-08T13:30:00,-21906629.91,1,13463350.98,-57276610.8,Bullish,0,0.972492701,0.972540176,0.896387452,2023-05-05 19:59:00+00:00
5/8/2023,REGN,2023-05-08 15:10:00+00:00,TRUE,5/8/2023,2023-05-08 15:05:00+00:00,2023-05-08 14:59:00+00:00,747.04,31.172161,99.95,2023-05-08T13:30:00,-342126.4331,1,22669.49886,-706922.3651,Bullish,0.16140102,0.970579408,0.970614233,0.768935709,2023-05-08 13:59:00+00:00
5/8/2023,TMO,2023-05-08 19:45:00+00:00,TRUE,5/8/2023,2023-05-08 19:40:00+00:00,2023-05-08 19:00:00+00:00,543.27,77.484737,99.090354,2023-05-08T17:30:00,-143063.0708,1,64214.75545,-350340.8971,Bullish,0.779349798,0.976351179,0.976476239,0.954021427,2023-05-08 18:00:00+00:00
5/9/2023,AMGN,2023-05-09 17:25:00+00:00,TRUE,5/9/2023,2023-05-09 17:20:00+00:00,2023-05-09 17:00:00+00:00,233.9,57.216117,86.617827,2023-05-09T15:30:00,-985530.7633,1,-415186.1927,-1555875.334,Bullish,0.589676114,0.858618417,0.915299443,0.858618417,2023-05-09 16:00:00+00:00
5/9/2023,BAX,2023-05-09 14:45:00+00:00,TRUE,5/9/2023,2023-05-09 14:40:00+00:00,2023-05-09 14:00:00+00:00,44.29,70.25641,99.65812,2023-05-09T13:30:00,494107.1689,1,1245546.047,-257331.7088,Bullish,0.618488601,0.932232929,0.933488224,0.918764702,2023-05-08 19:59:00+00:00
5/9/2023,DFS,2023-05-09 14:45:00+00:00,TRUE,5/9/2023,2023-05-09 14:40:00+00:00,2023-05-09 14:00:00+00:00,95.84,65.769231,86.746032,2023-05-09T13:30:00,302527.5533,1,830771.5353,-225716.4287,Bullish,0.768608415,0.833164425,0.924210139,0.833153452,2023-05-08 19:59:00+00:00
5/9/2023,FSLR,2023-05-09 14:05:00+00:00,TRUE,5/9/2023,2023-05-09 14:00:00+00:00,2023-05-09 14:00:00+00:00,176.32,34.200244,79.377289,2023-05-09T13:30:00,-852629.126,1,-290928.8356,-1414329.416,Bullish,0.348782711,0.769681511,0.872314166,0.769681511,2023-05-08 19:59:00+00:00
5/9/2023,MBLY,2023-05-09 16:30:00+00:00,TRUE,5/9/2023,2023-05-09 16:25:00+00:00,2023-05-09 16:00:00+00:00,40.38,44.664225,61.837607,2023-05-09T15:30:00,-1386533.02,1,423165.9201,-3196231.96,Bullish,0.181283107,0.650890898,0.82571813,0.650890898,2023-05-09 15:00:00+00:00
5/9/2023,MELI,2023-05-09 16:40:00+00:00,TRUE,5/9/2023,2023-05-09 16:35:00+00:00,2023-05-09 16:00:00+00:00,1250.64,60.598291,96.117195,2023-05-09T15:30:00,-336189.1415,1,235503.2173,-907881.5002,Bullish,0.377194388,0.99918091,0.999384917,0.674446252,2023-05-09 15:00:00+00:00
5/9/2023,PSX,2023-05-09 15:10:00+00:00,TRUE,5/9/2023,2023-05-09 15:05:00+00:00,2023-05-09 15:00:00+00:00,93.55,85.262515,97.173382,2023-05-09T13:30:00,-889585.5624,1,770008.3188,-2549179.444,Bullish,0.53865865,0.959906534,0.967734151,0.959906534,2023-05-09 14:00:00+00:00
5/9/2023,SBUX,2023-05-09 18:15:00+00:00,TRUE,5/9/2023,2023-05-09 18:10:00+00:00,2023-05-09 18:00:00+00:00,106.6,66.410256,93.699634,2023-05-09T17:30:00,9486317.996,1,14835481.51,4137154.486,Bullish,0.81105699,0.903659233,0.999639223,0.903659233,2023-05-09 17:00:00+00:00
5/9/2023,V,2023-05-09 14:05:00+00:00,TRUE,5/9/2023,2023-05-09 14:00:00+00:00,2023-05-09 14:00:00+00:00,232.18,71.477411,76.214896,2023-05-09T13:30:00,-1104257.203,1,4360287.942,-6568802.348,Bullish,0.752079744,0.75411307,0.891198993,0.754105349,2023-05-08 19:59:00+00:00
5/10/2023,ACN,2023-05-10 15:25:00+00:00,TRUE,5/10/2023,2023-05-10 15:20:00+00:00,2023-05-10 15:00:00+00:00,265.87,23.321123,88.522589,2023-05-10T13:30:00,-935515.6954,1,-530673.3559,-1340358.035,Bullish,0.283951677,0.983795055,1,0.980944841,2023-05-10 14:00:00+00:00
5/10/2023,ADBE,2023-05-10 15:10:00+00:00,TRUE,5/10/2023,2023-05-10 15:05:00+00:00,2023-05-10 15:00:00+00:00,347.585,50.695971,81.520147,2023-05-10T13:30:00,-2347202.158,1,-790548.8624,-3903855.454,Bullish,0.391940324,0.897229034,0.931349477,0.896516058,2023-05-10 14:00:00+00:00
5/10/2023,ADI,2023-05-10 18:20:00+00:00,TRUE,5/10/2023,2023-05-10 18:15:00+00:00,2023-05-10 18:00:00+00:00,180.26,7.411477,84.432234,2023-05-10T17:30:00,-4622751.663,1,-1932244.464,-7313258.863,Bullish,0.05561636,0.830745722,0.830964169,0.741712958,2023-05-10 17:00:00+00:00
5/10/2023,ADM,2023-05-10 14:15:00+00:00,TRUE,5/10/2023,2023-05-10 14:10:00+00:00,2023-05-10 14:00:00+00:00,74.92,39.450549,94.151404,2023-05-10T13:30:00,-236121.3207,1,59617.70568,-531860.3471,Bullish,0.521440154,0.903554385,0.903778143,0.900632159,2023-05-09 19:59:00+00:00
5/10/2023,AFRM,2023-05-10 17:50:00+00:00,TRUE,5/10/2023,2023-05-10 17:45:00+00:00,2023-05-10 17:00:00+00:00,12.2908,59.85348,94.786325,2023-05-10T15:30:00,-226257.2241,1,3439835.043,-3892349.491,Bullish,0.366933141,1,1,0.746655334,2023-05-10 16:00:00+00:00
5/10/2023,BBWI,2023-05-10 17:55:00+00:00,TRUE,5/10/2023,2023-05-10 17:50:00+00:00,2023-05-10 17:00:00+00:00,31.38,26.800977,100,2023-05-10T15:30:00,-647631.7869,1,-415968.5846,-879294.9893,Bullish,0.126208071,0.99566749,0.996005486,0.95570643,2023-05-10 16:00:00+00:00
5/10/2023,CEG,2023-05-10 17:55:00+00:00,TRUE,5/10/2023,2023-05-10 17:50:00+00:00,2023-05-10 17:00:00+00:00,79.39,74.004884,90.421245,2023-05-10T15:30:00,1417283.35,1,2555787.97,278778.7307,Bullish,0.665881718,1,1,0.595642349,2023-05-10 16:00:00+00:00
5/10/2023,CPRI,2023-05-10 18:05:00+00:00,TRUE,5/10/2023,2023-05-10 18:00:00+00:00,2023-05-10 18:00:00+00:00,36.565,28.376068,99.279609,2023-05-10T17:30:00,-518383.756,1,-427409.361,-609358.151,Bullish,0.266833384,0.973612671,0.973612671,0.953592252,2023-05-10 17:00:00+00:00
5/10/2023,CROX,2023-05-10 18:45:00+00:00,TRUE,5/10/2023,2023-05-10 18:40:00+00:00,2023-05-10 18:00:00+00:00,114.905,61.599512,89.474969,2023-05-10T17:30:00,24956.02004,1,605405.6213,-555493.5812,Bullish,0.658815616,0.845422038,0.912659606,0.845201635,2023-05-10 17:00:00+00:00
5/10/2023,CRWD,2023-05-10 18:45:00+00:00,TRUE,5/10/2023,2023-05-10 18:40:00+00:00,2023-05-10 18:00:00+00:00,133.2901,60.769231,85.824176,2023-05-10T17:30:00,2414279.36,1,5011219.537,-182660.8177,Bullish,0.424159111,0.837983873,0.837983873,0.724380403,2023-05-10 17:00:00+00:00
5/10/2023,DASH,2023-05-10 19:15:00+00:00,TRUE,5/10/2023,2023-05-10 19:10:00+00:00,2023-05-10 19:00:00+00:00,68.09,70.964591,97.698413,2023-05-10T17:30:00,2424697.03,1,3690979.029,1158415.031,Bullish,0.587034285,1,1,0.949750648,2023-05-10 18:00:00+00:00
5/10/2023,DFS,2023-05-10 15:00:00+00:00,TRUE,5/10/2023,2023-05-10 14:55:00+00:00,2023-05-10 14:00:00+00:00,96.37,65.885226,82.881563,2023-05-10T13:30:00,485233.9759,1,929629.4789,40838.47282,Bullish,0.804572671,0.796734253,0.881328992,0.796734253,2023-05-09 19:59:00+00:00
5/10/2023,DPZ,2023-05-10 18:45:00+00:00,TRUE,5/10/2023,2023-05-10 18:40:00+00:00,2023-05-10 18:00:00+00:00,304.955,45.26862,99.82906,2023-05-10T17:30:00,-824783.2883,1,-606954.8321,-1042611.744,Bullish,0.364895821,0.992247955,0.995855873,0.969667181,2023-05-10 17:00:00+00:00
5/10/2023,FANG,2023-05-10 15:05:00+00:00,TRUE,5/10/2023,2023-05-10 15:00:00+00:00,2023-05-10 15:00:00+00:00,130.93,16.275946,94.688645,2023-05-10T13:30:00,-3601158.164,1,-2123874.71,-5078441.618,Bullish,0.14194264,0.889926899,0.92372845,0.889021213,2023-05-10 14:00:00+00:00
5/10/2023,GDDY,2023-05-10 16:20:00+00:00,TRUE,5/10/2023,2023-05-10 16:15:00+00:00,2023-05-10 16:00:00+00:00,69.37,71.086691,99.358974,2023-05-10T15:30:00,-49110.07833,1,-6959.40711,-91260.74955,Bullish,0.521337849,0.995093028,1,0.993945362,2023-05-10 15:00:00+00:00
5/10/2023,GM,2023-05-10 18:10:00+00:00,TRUE,5/10/2023,2023-05-10 18:05:00+00:00,2023-05-10 18:00:00+00:00,32.785,53.058608,90.689866,2023-05-10T17:30:00,1814134.127,1,4634951.008,-1006682.755,Bullish,0.708015432,0.787159655,0.826457495,0.786262102,2023-05-10 17:00:00+00:00
5/10/2023,HD,2023-05-10 15:15:00+00:00,TRUE,5/10/2023,2023-05-10 15:10:00+00:00,2023-05-10 15:00:00+00:00,288.335,58.559219,85.079365,2023-05-10T13:30:00,-1325331.179,1,1555743.508,-4206405.865,Bullish,0.623641316,0.862007667,0.957814602,0.860053651,2023-05-10 14:00:00+00:00
5/10/2023,HOG,2023-05-10 17:15:00+00:00,TRUE,5/10/2023,2023-05-10 17:10:00+00:00,2023-05-10 17:00:00+00:00,34.34,66.996337,99.688645,2023-05-10T15:30:00,-995363.3692,1,-807145.0725,-1183581.666,Bullish,0.791880027,0.862833527,0.916050572,0.862833312,2023-05-10 16:00:00+00:00
5/10/2023,ILMN,2023-05-10 15:10:00+00:00,TRUE,5/10/2023,2023-05-10 15:05:00+00:00,2023-05-10 15:00:00+00:00,202.82,32.869353,69.73138,2023-05-10T13:30:00,-474020.3675,1,-57313.82783,-890726.9072,Bullish,0.143476106,0.916715574,0.921025317,0.905668153,2023-05-10 14:00:00+00:00
5/10/2023,INTU,2023-05-10 18:45:00+00:00,TRUE,5/10/2023,2023-05-10 18:40:00+00:00,2023-05-10 18:00:00+00:00,428.295,45.152625,72.979243,2023-05-10T17:30:00,-177258.9845,1,299562.0704,-654080.0394,Bullish,0.579298531,0.752636862,0.820567998,0.744409167,2023-05-10 17:00:00+00:00
5/10/2023,LMT,2023-05-10 18:35:00+00:00,TRUE,5/10/2023,2023-05-10 18:30:00+00:00,2023-05-10 18:00:00+00:00,449.93,36.971917,99.52381,2023-05-10T17:30:00,-1084047.288,1,-254053.4009,-1914041.174,Bullish,0.457839616,0.968665035,0.973200609,0.963172243,2023-05-10 16:59:00+00:00
5/10/2023,MELI,2023-05-10 19:25:00+00:00,TRUE,5/10/2023,2023-05-10 19:20:00+00:00,2023-05-10 19:00:00+00:00,1283.4,83.192918,88.888889,2023-05-10T17:30:00,273039.4535,1,809499.9219,-263421.0149,Bullish,0.792734608,0.942045985,0.979415062,0.850647812,2023-05-10 18:00:00+00:00
5/10/2023,META,2023-05-10 15:25:00+00:00,TRUE,5/10/2023,2023-05-10 15:20:00+00:00,2023-05-10 15:00:00+00:00,231.89,16.019536,96.098901,2023-05-10T13:30:00,-2323369.069,1,13423343.66,-18070081.8,Bullish,0.325938356,0.902701505,0.953222712,0.902701385,2023-05-10 14:00:00+00:00
5/10/2023,MGM,2023-05-10 17:00:00+00:00,TRUE,5/10/2023,2023-05-10 16:55:00+00:00,2023-05-10 16:00:00+00:00,42.195,96.385836,99.981685,2023-05-10T15:30:00,1806867.583,1,4173942.764,-560207.5974,Bullish,1,0.882778979,0.981565976,0.882778979,2023-05-10 15:00:00+00:00
5/10/2023,MS,2023-05-10 15:20:00+00:00,TRUE,5/10/2023,2023-05-10 15:15:00+00:00,2023-05-10 15:00:00+00:00,83.67,48.107448,83.681319,2023-05-10T13:30:00,-2909679.551,1,-1428341.123,-4391017.98,Bullish,0.651092834,0.74848249,0.857995938,0.748463847,2023-05-10 14:00:00+00:00
5/10/2023,PDD,2023-05-10 18:45:00+00:00,TRUE,5/10/2023,2023-05-10 18:40:00+00:00,2023-05-10 18:00:00+00:00,60.465,22.301587,98.656899,2023-05-10T17:30:00,-1678148.123,1,-457870.4904,-2898425.755,Bullish,0.191326345,0.972953878,0.990061874,0.969929792,2023-05-10 17:00:00+00:00
5/10/2023,PPG,2023-05-10 15:10:00+00:00,TRUE,5/10/2023,2023-05-10 15:05:00+00:00,2023-05-10 15:00:00+00:00,136.2145,22.478632,96.153846,2023-05-10T13:30:00,-343599.5935,1,-142023.9494,-545175.2377,Bullish,0.275482959,0.854483274,0.898540083,0.854483274,2023-05-10 14:00:00+00:00
5/10/2023,QCOM,2023-05-10 18:35:00+00:00,TRUE,5/10/2023,2023-05-10 18:30:00+00:00,2023-05-10 18:00:00+00:00,105.55,20.891331,94.578755,2023-05-10T17:30:00,-21285246.31,1,-11971431.48,-30599061.14,Bullish,0.22479292,0.928492612,0.940550921,0.922292767,2023-05-10 17:00:00+00:00
5/10/2023,RNG,2023-05-10 15:05:00+00:00,TRUE,5/10/2023,2023-05-10 15:00:00+00:00,2023-05-10 15:00:00+00:00,30.1,92.026862,0.372405,2023-05-10T13:30:00,462033.9908,1,815601.2414,108466.7402,Bullish,0.785585225,0.809366777,0.860752913,0.809050682,2023-05-10 14:00:00+00:00
5/10/2023,SIG,2023-05-10 18:00:00+00:00,TRUE,5/10/2023,2023-05-10 17:55:00+00:00,2023-05-10 17:00:00+00:00,70.63,78.974359,80.726496,2023-05-10T15:30:00,-96782.02569,1,58881.23889,-252445.2903,Bullish,0.687027334,0.820729338,0.918264294,0.820729338,2023-05-10 15:59:00+00:00
5/10/2023,SNOW,2023-05-10 16:10:00+00:00,TRUE,5/10/2023,2023-05-10 16:05:00+00:00,2023-05-10 16:00:00+00:00,169.875,86.031746,98.620269,2023-05-10T15:30:00,7257202.06,1,10928628.9,3585775.218,Bullish,0.533149597,0.996338919,1,0.989712727,2023-05-10 15:00:00+00:00
5/10/2023,SPY,2023-05-10 15:10:00+00:00,TRUE,5/10/2023,2023-05-10 15:05:00+00:00,2023-05-10 15:00:00+00:00,411.185,36.434676,86.251526,2023-05-10T13:30:00,-34327586.26,1,487244713.1,-555899885.6,Bullish,0.342852207,0.703478962,0.832224686,0.70208686,2023-05-10 14:00:00+00:00
5/10/2023,TPR,2023-05-10 16:15:00+00:00,TRUE,5/10/2023,2023-05-10 16:10:00+00:00,2023-05-10 16:00:00+00:00,37.065,10.598291,99.993895,2023-05-10T15:30:00,-779384.3665,1,-619102.9714,-939665.7616,Bullish,0.202061402,0.972628966,0.973209363,0.947734788,2023-05-10 15:00:00+00:00
5/10/2023,VLO,2023-05-10 14:35:00+00:00,TRUE,5/10/2023,2023-05-10 14:30:00+00:00,2023-05-10 14:00:00+00:00,108.03,59.267399,85.927961,2023-05-10T13:30:00,1534780.331,1,2617809.485,451751.177,Bullish,0.609063388,0.845462502,0.910790269,0.845462502,2023-05-09 19:59:00+00:00
5/11/2023,BLK,2023-05-11 18:45:00+00:00,TRUE,5/11/2023,2023-05-11 18:40:00+00:00,2023-05-11 18:00:00+00:00,637.79,18.681319,87.081807,2023-05-11T17:30:00,-524418.1305,1,-257928.6221,-790907.6389,Bullish,0.243915217,0.953906021,0.953936672,0.933411641,2023-05-11 17:00:00+00:00
5/11/2023,BX,2023-05-11 18:45:00+00:00,TRUE,5/11/2023,2023-05-11 18:40:00+00:00,2023-05-11 18:00:00+00:00,81.96,14.065934,86.428571,2023-05-11T17:30:00,-2210086.353,1,113054.1437,-4533226.851,Bullish,0.370835585,0.846856546,0.900791546,0.84685113,2023-05-11 17:00:00+00:00
5/11/2023,CEG,2023-05-11 14:05:00+00:00,TRUE,5/11/2023,2023-05-11 14:00:00+00:00,2023-05-11 14:00:00+00:00,78.49,92.600733,97.728938,2023-05-11T13:30:00,1795152.773,1,2720212.09,870093.4555,Bullish,0.690355794,0.967770653,0.995989297,0.772460929,2023-05-10 19:59:00+00:00
5/11/2023,CPRI,2023-05-11 15:30:00+00:00,TRUE,5/11/2023,2023-05-11 15:25:00+00:00,2023-05-11 15:00:00+00:00,37.54,46.947497,86.862027,2023-05-11T13:30:00,-511145.3718,1,-429515.0604,-592775.6831,Bullish,0.303783907,0.969581694,0.970579984,0.952363905,2023-05-11 14:00:00+00:00
5/11/2023,DASH,2023-05-11 16:30:00+00:00,TRUE,5/11/2023,2023-05-11 16:25:00+00:00,2023-05-11 16:00:00+00:00,67.43,47.399267,94.365079,2023-05-11T15:30:00,2918616.917,1,4320735.75,1516498.084,Bullish,0.660606167,0.986689377,1,0.971894092,2023-05-11 15:00:00+00:00
5/11/2023,FANG,2023-05-11 16:40:00+00:00,TRUE,5/11/2023,2023-05-11 16:35:00+00:00,2023-05-11 16:00:00+00:00,127.7,6.373626,96.862027,2023-05-11T15:30:00,-3000519.833,1,-2274907.675,-3726131.991,Bullish,0.130276455,0.929524243,0.929524243,0.906822463,2023-05-11 15:00:00+00:00
5/11/2023,ILMN,2023-05-11 14:50:00+00:00,TRUE,5/11/2023,2023-05-11 14:45:00+00:00,2023-05-11 14:00:00+00:00,205.9,86.642247,67.081807,2023-05-11T13:30:00,430965.2122,1,1398125.474,-536195.0494,Bullish,0.283979994,0.779104348,0.874484684,0.775625034,2023-05-10 19:59:00+00:00
5/11/2023,MDB,2023-05-11 14:55:00+00:00,TRUE,5/11/2023,2023-05-11 14:50:00+00:00,2023-05-11 14:00:00+00:00,262.24,82.637363,96.495726,2023-05-11T13:30:00,1104020.556,1,1651519.942,556521.1694,Bullish,0.763121719,0.993589659,1,0.985483203,2023-05-10 19:59:00+00:00
5/11/2023,MPC,2023-05-11 14:05:00+00:00,TRUE,5/11/2023,2023-05-11 14:00:00+00:00,2023-05-11 14:00:00+00:00,111.02,65.262515,81.849817,2023-05-11T13:30:00,919434.0937,1,1445315.538,393552.6492,Bullish,0.92141574,0.79852963,0.877209926,0.798529186,2023-05-10 19:59:00+00:00
5/11/2023,NOW,2023-05-11 17:10:00+00:00,TRUE,5/11/2023,2023-05-11 17:05:00+00:00,2023-05-11 17:00:00+00:00,449.57,41.904762,75.384615,2023-05-11T15:30:00,756726.6701,1,1477786.711,35666.62952,Bullish,0.470867475,0.747267885,0.845586524,0.747229197,2023-05-11 15:59:00+00:00
5/11/2023,OKTA,2023-05-11 15:00:00+00:00,TRUE,5/11/2023,2023-05-11 14:55:00+00:00,2023-05-11 14:00:00+00:00,77.815,49.462759,89.59707,2023-05-11T13:30:00,1255099.341,1,1802328.957,707869.7252,Bullish,0.386711985,0.898668919,0.903512604,0.814182588,2023-05-10 19:59:00+00:00
5/11/2023,QCOM,2023-05-11 16:30:00+00:00,TRUE,5/11/2023,2023-05-11 16:25:00+00:00,2023-05-11 16:00:00+00:00,103.885,0.952381,98.913309,2023-05-11T15:30:00,-20008873.14,1,-12664349.91,-27353396.38,Bullish,0.218773973,0.938259952,0.938259952,0.926605646,2023-05-11 15:00:00+00:00
5/11/2023,REGN,2023-05-11 15:45:00+00:00,TRUE,5/11/2023,2023-05-11 15:40:00+00:00,2023-05-11 14:59:00+00:00,743.32,22.258852,93.687424,2023-05-11T13:30:00,-176450.1786,1,-18776.20442,-334124.1528,Bullish,0.400961942,0.952180809,0.991046269,0.952160348,2023-05-11 14:00:00+00:00
5/11/2023,VLO,2023-05-11 16:35:00+00:00,TRUE,5/11/2023,2023-05-11 16:30:00+00:00,2023-05-11 16:00:00+00:00,110.35,86.471306,72.350427,2023-05-11T15:30:00,3280876.847,1,4369330.806,2192422.888,Bullish,0.800981746,0.733795191,0.836296791,0.732597242,2023-05-11 15:00:00+00:00
5/11/2023,XOM,2023-05-11 14:50:00+00:00,TRUE,5/11/2023,2023-05-11 14:45:00+00:00,2023-05-11 14:00:00+00:00,105.63,10.3663,100,2023-05-11T13:30:00,-13634850.5,1,-3386953.325,-23882747.68,Bullish,0.311795184,0.903341838,0.903993372,0.868028003,2023-05-10 19:59:00+00:00
5/12/2023,BBY,2023-05-12 19:10:00+00:00,TRUE,5/12/2023,2023-05-12 19:05:00+00:00,2023-05-12 19:00:00+00:00,70.935,23.131868,99.352869,2023-05-12T17:30:00,-2051911.428,1,-127314.7583,-3976508.098,Bullish,0.090314226,0.958272357,0.958272357,0.914116068,2023-05-12 18:00:00+00:00
5/12/2023,CRSP,2023-05-12 14:55:00+00:00,TRUE,5/12/2023,2023-05-12 14:50:00+00:00,2023-05-12 14:00:00+00:00,65.38,91.245421,90.531136,2023-05-12T13:30:00,418768.1179,1,756501.9479,81034.28787,Bullish,0.719506492,0.95715382,0.978285178,0.957142121,2023-05-11 19:59:00+00:00
5/12/2023,DD,2023-05-12 19:30:00+00:00,TRUE,5/12/2023,2023-05-12 19:25:00+00:00,2023-05-12 19:00:00+00:00,63.37,12.368742,99.371184,2023-05-12T17:30:00,-873987.2652,1,-259258.5766,-1488715.954,Bullish,0.124660847,0.970544142,0.971878391,0.963907035,2023-05-12 18:00:00+00:00
5/12/2023,DHI,2023-05-12 19:25:00+00:00,TRUE,5/12/2023,2023-05-12 19:20:00+00:00,2023-05-12 19:00:00+00:00,107.98,0.604396,99.438339,2023-05-12T17:30:00,-4382275.8,1,-2806243.271,-5958308.329,Bullish,0.048265045,0.93403137,0.950171439,0.933010584,2023-05-12 18:00:00+00:00
5/12/2023,GDDY,2023-05-12 17:25:00+00:00,TRUE,5/12/2023,2023-05-12 17:20:00+00:00,2023-05-12 16:59:00+00:00,69.62,75.732601,98.369963,2023-05-12T15:30:00,21988.99672,1,74937.74743,-30959.75399,Bullish,0.674188178,0.952273721,0.98247475,0.952265854,2023-05-12 16:00:00+00:00
5/12/2023,GILD,2023-05-12 19:55:00+00:00,TRUE,5/12/2023,2023-05-12 19:50:00+00:00,2023-05-12 19:00:00+00:00,78.045,92.258852,92.252747,2023-05-12T17:30:00,-601048.2351,1,354230.7639,-1556327.234,Bullish,0.48651536,0.904756846,0.938529524,0.901618739,2023-05-12 18:00:00+00:00
5/12/2023,HD,2023-05-12 18:15:00+00:00,TRUE,5/12/2023,2023-05-12 18:10:00+00:00,2023-05-12 18:00:00+00:00,288.19,36.385836,77.918193,2023-05-12T17:30:00,-1101550.341,1,5175930.677,-7379031.358,Bullish,0.26336087,0.859729903,0.860094212,0.830111333,2023-05-12 17:00:00+00:00
5/12/2023,SEDG,2023-05-12 17:10:00+00:00,TRUE,5/12/2023,2023-05-12 17:05:00+00:00,2023-05-12 17:00:00+00:00,297,78.705739,96.697192,2023-05-12T15:30:00,262061.4196,1,755581.1794,-231458.3402,Bullish,0.838324691,0.961462629,0.964788742,0.811385335,2023-05-12 16:00:00+00:00
5/15/2023,ABT,2023-05-15 15:55:00+00:00,TRUE,5/15/2023,2023-05-15 15:50:00+00:00,2023-05-15 15:00:00+00:00,110.05,98.266178,70.19536,2023-05-15T13:30:00,-1386802.332,1,3779945.137,-6553549.801,Bullish,0.181717173,0.792490725,0.801861991,0.791638849,2023-05-15 14:00:00+00:00
5/15/2023,DIS,2023-05-15 14:20:00+00:00,TRUE,5/15/2023,2023-05-15 14:15:00+00:00,2023-05-15 14:00:00+00:00,90.935,15.360195,90.45177,2023-05-15T13:30:00,-34149001.65,1,-6481235.701,-61816767.61,Bullish,0,1,1,0.59268539,2023-05-12 19:59:00+00:00
5/15/2023,KMB,2023-05-15 17:10:00+00:00,TRUE,5/15/2023,2023-05-15 17:05:00+00:00,2023-05-15 17:00:00+00:00,143.68,96.349206,74.023199,2023-05-15T15:30:00,-373639.5562,1,437984.9377,-1185264.05,Bullish,0.459262071,0.882036728,0.94959668,0.882036728,2023-05-15 16:00:00+00:00
5/15/2023,XOM,2023-05-15 14:05:00+00:00,TRUE,5/15/2023,2023-05-15 14:00:00+00:00,2023-05-15 14:00:00+00:00,105.11,24.432234,99.346764,2023-05-15T13:30:00,-12354248.35,1,-2393412.757,-22315083.94,Bullish,0.047439525,0.989974661,0.992964725,0.944147466,2023-05-12 19:59:00+00:00
5/16/2023,BURL,2023-05-16 14:05:00+00:00,TRUE,5/16/2023,2023-05-16 14:00:00+00:00,2023-05-16 14:00:00+00:00,174.73,37.631258,86.593407,2023-05-16T13:30:00,-3120937.7,1,-1121940.357,-5119935.043,Bullish,0.373187519,0.877843646,0.929371852,0.877842413,2023-05-15 19:59:00+00:00
5/16/2023,MTCH,2023-05-16 17:15:00+00:00,TRUE,5/16/2023,2023-05-16 17:10:00+00:00,2023-05-16 17:00:00+00:00,31.57,10.396825,93.083028,2023-05-16T15:30:00,-22426644.49,1,-19380034.01,-25473254.97,Bullish,0.073340063,0.886574718,0.952313211,0.886565282,2023-05-16 16:00:00+00:00
5/17/2023,ABBV,2023-05-17 14:15:00+00:00,TRUE,5/17/2023,2023-05-17 14:10:00+00:00,2023-05-17 14:00:00+00:00,141.53,12.344322,99.95116,2023-05-17T13:30:00,-9725260.628,1,-4270440.708,-15180080.55,Bullish,0,0.95995541,0.959955623,0.914262217,2023-05-16 19:59:00+00:00
5/17/2023,BURL,2023-05-17 16:35:00+00:00,TRUE,5/17/2023,2023-05-17 16:30:00+00:00,2023-05-17 16:00:00+00:00,171.5,92.442002,88.406593,2023-05-17T15:30:00,-1696035.205,1,-208368.0252,-3183702.384,Bullish,0.510493446,0.880957629,0.905242641,0.880941954,2023-05-17 15:00:00+00:00
5/17/2023,CRSP,2023-05-17 14:20:00+00:00,TRUE,5/17/2023,2023-05-17 14:15:00+00:00,2023-05-17 14:00:00+00:00,61.7,71.440781,85.989011,2023-05-17T13:30:00,456504.0892,1,865281.5689,47726.60943,Bullish,0.835919747,0.930182624,0.930199023,0.915763205,2023-05-16 19:59:00+00:00
5/18/2023,AIG,2023-05-18 14:20:00+00:00,TRUE,5/18/2023,2023-05-18 14:15:00+00:00,2023-05-18 14:00:00+00:00,53.38,77.887668,74.774115,2023-05-18T13:30:00,2223532.437,1,3798839.02,648225.8545,Bullish,0.844182485,0.775051354,0.885171978,0.774890081,2023-05-17 19:59:00+00:00
5/18/2023,BURL,2023-05-18 18:30:00+00:00,TRUE,5/18/2023,2023-05-18 18:25:00+00:00,2023-05-18 18:00:00+00:00,173.52,97.551893,78.888889,2023-05-18T17:30:00,-205504.1539,1,814849.1237,-1225857.432,Bullish,0.882567154,0.834664375,0.869522534,0.828695388,2023-05-18 17:00:00+00:00
5/18/2023,CELH,2023-05-18 18:25:00+00:00,TRUE,5/18/2023,2023-05-18 18:20:00+00:00,2023-05-18 18:00:00+00:00,44.1083,57.606838,90.757021,2023-05-18T17:30:00,442227.7627,1,1537797.157,-653341.6314,Bullish,0.50465626,0.891716202,0.962178901,0.891716202,2023-05-18 17:00:00+00:00
5/18/2023,CVNA,2023-05-18 18:35:00+00:00,TRUE,5/18/2023,2023-05-18 18:30:00+00:00,2023-05-18 18:00:00+00:00,11.5657,59.52381,85.604396,2023-05-18T17:30:00,2422111.743,1,4829032.003,15191.48228,Bullish,0.572106714,0.891035846,0.896017549,0.866439421,2023-05-18 17:00:00+00:00
5/18/2023,DVN,2023-05-18 15:05:00+00:00,TRUE,5/18/2023,2023-05-18 15:00:00+00:00,2023-05-18 15:00:00+00:00,47.855,58.803419,80.976801,2023-05-18T13:30:00,430024.07,1,3089780.022,-2229731.881,Bullish,0.434425633,0.88689253,0.888138154,0.853921384,2023-05-18 14:00:00+00:00
5/18/2023,HON,2023-05-18 18:25:00+00:00,TRUE,5/18/2023,2023-05-18 18:20:00+00:00,2023-05-18 18:00:00+00:00,195.73,21.892552,74.798535,2023-05-18T17:30:00,-981667.4611,1,2009789.666,-3973124.588,Bullish,0.321810078,0.80172233,0.915701705,0.801068003,2023-05-18 17:00:00+00:00
5/18/2023,MU,2023-05-18 19:10:00+00:00,TRUE,5/18/2023,2023-05-18 19:05:00+00:00,2023-05-18 19:00:00+00:00,67.545,99.145299,96.166056,2023-05-18T17:30:00,16960707.74,1,26920266.17,7001149.321,Bullish,0.952303949,0.937644755,0.963914973,0.854357969,2023-05-18 18:00:00+00:00
5/18/2023,NUE,2023-05-18 14:40:00+00:00,TRUE,5/18/2023,2023-05-18 14:35:00+00:00,2023-05-18 14:00:00+00:00,137.89,0.07326,88.858364,2023-05-18T13:30:00,-3587583.885,1,-2209184.586,-4965983.184,Bullish,0.144060256,0.844127265,0.862067019,0.84093544,2023-05-17 19:59:00+00:00
5/18/2023,OKTA,2023-05-18 18:25:00+00:00,TRUE,5/18/2023,2023-05-18 18:20:00+00:00,2023-05-18 18:00:00+00:00,79.795,73.455433,95.4884,2023-05-18T17:30:00,2124505.105,1,3186470.333,1062539.877,Bullish,0.656024477,0.967222696,0.983217014,0.838838275,2023-05-18 17:00:00+00:00
5/18/2023,VRTX,2023-05-18 19:20:00+00:00,TRUE,5/18/2023,2023-05-18 19:15:00+00:00,2023-05-18 19:00:00+00:00,337.49,93.540904,98.095238,2023-05-18T17:30:00,1071977.968,1,1547001.726,596954.2099,Bullish,0.926899211,0.987278191,0.987869183,0.822879741,2023-05-18 18:00:00+00:00
5/18/2023,WYNN,2023-05-18 14:25:00+00:00,TRUE,5/18/2023,2023-05-18 14:20:00+00:00,2023-05-18 14:00:00+00:00,108.09,72.979243,90.3663,2023-05-18T13:30:00,1389475.683,1,7324613.858,-4545662.492,Bullish,0.615297072,0.92340472,0.986282881,0.923381178,2023-05-17 19:59:00+00:00
5/19/2023,ABNB,2023-05-19 14:40:00+00:00,TRUE,5/19/2023,2023-05-19 14:35:00+00:00,2023-05-19 14:00:00+00:00,108.51,20.20757,77.954823,2023-05-19T13:30:00,-5470535.557,1,240263.2079,-11181334.32,Bullish,0.403227406,0.752570575,0.823233225,0.752562481,2023-05-18 19:59:00+00:00
5/19/2023,AFL,2023-05-19 16:50:00+00:00,TRUE,5/19/2023,2023-05-19 16:45:00+00:00,2023-05-19 16:00:00+00:00,66.9,74.554335,46.898657,2023-05-19T15:30:00,3085451.115,1,10881756.07,-4710853.842,Bullish,0.879226585,0.588285579,0.809559424,0.588285579,2023-05-19 15:00:00+00:00
5/19/2023,ASO,2023-05-19 14:30:00+00:00,TRUE,5/19/2023,2023-05-19 14:25:00+00:00,2023-05-19 14:00:00+00:00,54.785,19.76801,99.835165,2023-05-19T13:30:00,-1357437.235,1,-807199.4453,-1907675.024,Bullish,0.145745715,0.920963664,0.970712414,0.920961894,2023-05-18 19:59:00+00:00
5/19/2023,BKNG,2023-05-19 17:10:00+00:00,TRUE,5/19/2023,2023-05-19 17:05:00+00:00,2023-05-19 16:59:00+00:00,2765.51,92.100122,75.824176,2023-05-19T15:30:00,1391566.188,1,2114966.27,668166.1067,Bullish,0.930920166,0.778655534,0.846920154,0.778655534,2023-05-19 16:00:00+00:00
5/19/2023,CAT,2023-05-19 14:50:00+00:00,TRUE,5/19/2023,2023-05-19 14:45:00+00:00,2023-05-19 14:00:00+00:00,218.545,51.550672,52.283272,2023-05-19T13:30:00,-3545996.505,1,-151535.2256,-6940457.784,Bullish,0.135759895,0.690348943,0.845559636,0.690300966,2023-05-18 19:59:00+00:00
5/19/2023,CRWD,2023-05-19 14:40:00+00:00,TRUE,5/19/2023,2023-05-19 14:35:00+00:00,2023-05-19 14:00:00+00:00,148.11,81.330891,99.96337,2023-05-19T13:30:00,7660548.935,1,10563842.68,4757255.188,Bullish,0.894954323,1,1,0.931872937,2023-05-18 19:59:00+00:00
5/19/2023,HOG,2023-05-19 17:10:00+00:00,TRUE,5/19/2023,2023-05-19 17:05:00+00:00,2023-05-19 17:00:00+00:00,32.78,18.284493,91.019536,2023-05-19T15:30:00,-1075433.02,1,-691646.9933,-1459219.047,Bullish,0.19174927,0.83439018,0.922676804,0.83439018,2023-05-19 16:00:00+00:00
5/19/2023,HON,2023-05-19 16:45:00+00:00,TRUE,5/19/2023,2023-05-19 16:40:00+00:00,2023-05-19 16:00:00+00:00,198.09,79.316239,49.010989,2023-05-19T15:30:00,869345.0436,1,4228710.841,-2490020.754,Bullish,0.546036611,0.647113856,0.844729482,0.647113856,2023-05-19 15:00:00+00:00
5/19/2023,MU,2023-05-19 14:05:00+00:00,TRUE,5/19/2023,2023-05-19 14:00:00+00:00,2023-05-19 14:00:00+00:00,67.01,96.410256,95.164835,2023-05-19T13:30:00,18396328.27,1,28201263.61,8591392.929,Bullish,0.976711191,0.952242029,0.961334817,0.88830612,2023-05-18 19:59:00+00:00
5/19/2023,RIVN,2023-05-19 17:05:00+00:00,TRUE,5/19/2023,2023-05-19 17:00:00+00:00,2023-05-19 17:00:00+00:00,13.3916,72.405372,87.863248,2023-05-19T15:30:00,-1557427.966,1,6572565.457,-9687421.39,Bullish,0.376845896,0.901271821,0.901990511,0.891317849,2023-05-19 16:00:00+00:00
5/22/2023,ABBV,2023-05-22 15:15:00+00:00,TRUE,5/22/2023,2023-05-22 15:10:00+00:00,2023-05-22 15:00:00+00:00,144.18,52.503053,88.614164,2023-05-22T13:30:00,-12011317.57,1,46007107.01,-70029742.15,Bullish,0.183925535,0.86742702,0.957719082,0.867427014,2023-05-22 14:00:00+00:00
5/22/2023,ASO,2023-05-22 16:10:00+00:00,TRUE,5/22/2023,2023-05-22 16:05:00+00:00,2023-05-22 16:00:00+00:00,52.11,47.899878,99.79243,2023-05-22T15:30:00,-1279955.061,1,-484133.1625,-2075776.959,Bullish,0.285994914,0.969252148,0.969334219,0.951219815,2023-05-22 15:00:00+00:00
5/22/2023,DE,2023-05-22 14:40:00+00:00,TRUE,5/22/2023,2023-05-22 14:35:00+00:00,2023-05-22 14:00:00+00:00,358.565,11.489621,98.510379,2023-05-22T13:30:00,-4147505.33,1,-291261.0981,-8003749.562,Bullish,0.028335047,0.878978236,0.942397518,0.878978236,2023-05-19 19:50:00+00:00
5/22/2023,EOG,2023-05-22 14:20:00+00:00,TRUE,5/22/2023,2023-05-22 14:15:00+00:00,2023-05-22 14:00:00+00:00,113.76,62.942613,72.356532,2023-05-22T13:30:00,366077.9295,1,1395989.352,-663833.4934,Bullish,0.63551625,0.781859905,0.89967992,0.781859905,2023-05-19 19:50:00+00:00
5/22/2023,PDD,2023-05-22 18:40:00+00:00,TRUE,5/22/2023,2023-05-22 18:35:00+00:00,2023-05-22 18:00:00+00:00,63.105,14.90232,74.316239,2023-05-22T17:30:00,-802963.8251,1,8689431.632,-10295359.28,Bullish,0,0.969711726,0.969807188,0.698389568,2023-05-22 17:00:00+00:00
5/22/2023,SE,2023-05-22 16:40:00+00:00,TRUE,5/22/2023,2023-05-22 16:35:00+00:00,2023-05-22 16:00:00+00:00,69.03,40.622711,100,2023-05-22T15:30:00,-1454973.937,1,737745.6505,-3647693.524,Bullish,0.014154949,0.993924625,1,0.98646022,2023-05-22 15:00:00+00:00
5/22/2023,SIRI,2023-05-22 14:05:00+00:00,TRUE,5/22/2023,2023-05-22 14:00:00+00:00,2023-05-22 14:00:00+00:00,35.55,83.473748,91.538462,2023-05-22T13:30:00,-3935782.065,1,6794128.835,-14665692.97,Bullish,0.059854992,0.923721675,0.935007578,0.882636596,2023-05-19 19:50:00+00:00
5/23/2023,CVX,2023-05-23 19:25:00+00:00,TRUE,5/23/2023,2023-05-23 19:20:00+00:00,2023-05-23 19:00:00+00:00,156.42,49.98779,85.14652,2023-05-23T17:30:00,-14111989.6,1,-3698516.937,-24525462.26,Bullish,0.37084759,0.884695093,0.939641619,0.884692514,2023-05-23 18:00:00+00:00
5/23/2023,DKS,2023-05-23 15:50:00+00:00,TRUE,5/23/2023,2023-05-23 15:45:00+00:00,2023-05-23 15:00:00+00:00,127.83,54.041514,94.627595,2023-05-23T13:30:00,-2224644.998,1,-21984.07364,-4427305.923,Bullish,0.173147561,0.996937629,0.997013959,0.956101545,2023-05-23 14:00:00+00:00
5/23/2023,DPZ,2023-05-23 19:20:00+00:00,TRUE,5/23/2023,2023-05-23 19:15:00+00:00,2023-05-23 19:00:00+00:00,304.46,29.133089,94.908425,2023-05-23T17:30:00,-835367.0294,1,-92642.88033,-1578091.179,Bullish,0.33629403,0.72171992,0.808858143,0.72171992,2023-05-23 18:00:00+00:00
5/24/2023,ASO,2023-05-24 16:00:00+00:00,TRUE,5/24/2023,2023-05-24 15:55:00+00:00,2023-05-24 15:00:00+00:00,51.35,55.873016,99.96337,2023-05-24T13:30:00,543781.8992,1,1503424.658,-415860.8595,Bullish,0.634690752,0.987551289,0.98781569,0.96107694,2023-05-24 14:00:00+00:00
5/24/2023,BMY,2023-05-24 16:55:00+00:00,TRUE,5/24/2023,2023-05-24 16:50:00+00:00,2023-05-24 16:00:00+00:00,65.425,57.777778,96.019536,2023-05-24T15:30:00,-13581796.24,1,-10044711.91,-17118880.57,Bullish,0.732944205,0.749919966,0.892913533,0.749908867,2023-05-24 15:00:00+00:00
5/24/2023,HUM,2023-05-24 19:35:00+00:00,TRUE,5/24/2023,2023-05-24 19:30:00+00:00,2023-05-24 19:00:00+00:00,506.69,61.202686,86.764347,2023-05-24T17:30:00,-21279.14248,1,227485.7346,-270044.0196,Bullish,0.525889158,0.856764244,0.856764244,0.807483502,2023-05-24 17:59:00+00:00
5/24/2023,MCD,2023-05-24 16:55:00+00:00,TRUE,5/24/2023,2023-05-24 16:50:00+00:00,2023-05-24 16:00:00+00:00,284.77,21.605617,100,2023-05-24T15:30:00,-2465115.186,1,951556.3605,-5881786.733,Bullish,0.236229082,1,1,0.88766826,2023-05-24 15:00:00+00:00
5/24/2023,NUE,2023-05-24 14:45:00+00:00,TRUE,5/24/2023,2023-05-24 14:40:00+00:00,2023-05-24 14:00:00+00:00,134.74,15.579976,99.096459,2023-05-24T13:30:00,-774429.4063,1,30978.56168,-1579837.374,Bullish,0.393897752,0.846163744,0.846163744,0.771323093,2023-05-23 19:59:00+00:00
5/24/2023,ONON,2023-05-24 14:40:00+00:00,TRUE,5/24/2023,2023-05-24 14:35:00+00:00,2023-05-24 14:00:00+00:00,25.82,17.301587,100,2023-05-24T13:30:00,-1070713.369,1,66447.42493,-2207874.163,Bullish,0.483122218,0.933767733,0.97130672,0.93376705,2023-05-23 19:59:00+00:00
5/24/2023,PENN,2023-05-24 14:20:00+00:00,TRUE,5/24/2023,2023-05-24 14:15:00+00:00,2023-05-24 14:00:00+00:00,24.67,45.897436,97.710623,2023-05-24T13:30:00,-241361.9033,1,367786.1029,-850509.9094,Bullish,0.227326828,0.885719931,0.930082434,0.885719931,2023-05-23 19:59:00+00:00
5/24/2023,ROKU,2023-05-24 18:20:00+00:00,TRUE,5/24/2023,2023-05-24 18:15:00+00:00,2023-05-24 18:00:00+00:00,56.73,41.965812,83.339438,2023-05-24T17:30:00,2574525.206,1,4599090.7,549959.7127,Bullish,0.456646587,0.849487791,0.849487791,0.404370016,2023-05-24 17:00:00+00:00
5/25/2023,BIIB,2023-05-25 15:25:00+00:00,TRUE,5/25/2023,2023-05-25 15:20:00+00:00,2023-05-25 15:00:00+00:00,295.5,9.328449,99.73138,2023-05-25T13:30:00,-373621.499,1,8.69E+28,-8.69E+28,Bullish,0.12441419,0.89650823,0.898636611,0.819836837,2023-05-25 14:00:00+00:00
5/25/2023,BMY,2023-05-25 14:05:00+00:00,TRUE,5/25/2023,2023-05-25 14:00:00+00:00,2023-05-25 14:00:00+00:00,64.39,32.002442,99.8779,2023-05-25T13:30:00,-8681685.597,1,-6120937.143,-11242434.05,Bullish,0.750467176,0.802037887,0.863109022,0.801865722,2023-05-24 19:59:00+00:00
5/25/2023,CAR,2023-05-25 16:10:00+00:00,TRUE,5/25/2023,2023-05-25 16:05:00+00:00,2023-05-25 16:00:00+00:00,164.7,58.949939,91.019536,2023-05-25T15:30:00,111098.0908,1,496835.6866,-274639.5049,Bullish,0.371224927,0.96024,0.966095301,0.918377907,2023-05-25 14:57:00+00:00
5/25/2023,CVX,2023-05-25 14:05:00+00:00,TRUE,5/25/2023,2023-05-25 14:00:00+00:00,2023-05-25 14:00:00+00:00,154.29,11.575092,99.688645,2023-05-25T13:30:00,-4339051.077,1,2225094.001,-10903196.16,Bullish,0.5895593,0.795358396,0.880317857,0.795358396,2023-05-24 19:59:00+00:00
5/25/2023,DPZ,2023-05-25 16:10:00+00:00,TRUE,5/25/2023,2023-05-25 16:05:00+00:00,2023-05-25 16:00:00+00:00,305.19,27.063492,89.932845,2023-05-25T15:30:00,-722998.9159,1,-330719.7193,-1115278.113,Bullish,0.326640718,0.895250709,0.895253645,0.764607978,2023-05-25 15:00:00+00:00
5/25/2023,MU,2023-05-25 14:40:00+00:00,TRUE,5/25/2023,2023-05-25 14:35:00+00:00,2023-05-25 14:00:00+00:00,68.68,99.84127,99.65812,2023-05-25T13:30:00,7729223.725,1,14758104.57,700342.8752,Bullish,0.411116614,0.819257736,0.90503404,0.819248283,2023-05-24 19:59:00+00:00
5/25/2023,SE,2023-05-25 14:40:00+00:00,TRUE,5/25/2023,2023-05-25 14:35:00+00:00,2023-05-25 14:00:00+00:00,62.21,30.634921,99.98779,2023-05-25T13:30:00,-1443173.474,1,-601563.2788,-2284783.669,Bullish,0.191576727,0.993744837,0.994521211,0.991736671,2023-05-24 19:59:00+00:00
5/25/2023,ULTA,2023-05-25 15:10:00+00:00,TRUE,5/25/2023,2023-05-25 15:05:00+00:00,2023-05-25 15:00:00+00:00,483.39,29.84127,91.648352,2023-05-25T13:30:00,-750134.0684,1,-177776.1417,-1322491.995,Bullish,0.597308392,0.947679232,0.979817606,0.947679232,2023-05-25 14:00:00+00:00
5/26/2023,ABBV,2023-05-26 19:00:00+00:00,TRUE,5/26/2023,2023-05-26 18:55:00+00:00,2023-05-26 18:00:00+00:00,137.575,16.300366,99.267399,2023-05-26T17:30:00,-7029580.362,1,-1582880.772,-12476279.95,Bullish,0.024344147,1,1,0.962182315,2023-05-26 17:00:00+00:00
5/26/2023,CRSP,2023-05-26 18:25:00+00:00,TRUE,5/26/2023,2023-05-26 18:20:00+00:00,2023-05-26 18:00:00+00:00,63.91,64.884005,79.413919,2023-05-26T17:30:00,111612.8539,1,927176.0196,-703950.3117,Bullish,0.686189456,0.875816603,0.908688692,0.875810196,2023-05-26 17:00:00+00:00
5/26/2023,DG,2023-05-26 15:10:00+00:00,TRUE,5/26/2023,2023-05-26 15:05:00+00:00,2023-05-26 15:00:00+00:00,203.15,11.452991,99.737485,2023-05-26T13:30:00,-2037000.527,1,-1412951.079,-2661049.976,Bullish,0.041321237,0.97524572,0.995597126,0.97524572,2023-05-26 14:00:00+00:00
5/26/2023,DPZ,2023-05-26 16:10:00+00:00,TRUE,5/26/2023,2023-05-26 16:05:00+00:00,2023-05-26 16:00:00+00:00,303.2,35.958486,95.604396,2023-05-26T15:30:00,-325325.3663,1,124868.3221,-775519.0548,Bullish,0.250121426,0.917612948,0.918098713,0.812807221,2023-05-26 15:00:00+00:00
5/26/2023,HUM,2023-05-26 19:45:00+00:00,TRUE,5/26/2023,2023-05-26 19:40:00+00:00,2023-05-26 19:00:00+00:00,497.7214,55.665446,98.290598,2023-05-26T17:30:00,197726.6142,1,769288.0052,-373834.7768,Bullish,0.642133475,0.951098992,0.966876455,0.878575917,2023-05-26 18:00:00+00:00
5/26/2023,PM,2023-05-26 19:45:00+00:00,TRUE,5/26/2023,2023-05-26 19:40:00+00:00,2023-05-26 19:00:00+00:00,90.97,6.721612,97.625153,2023-05-26T17:30:00,-2426059.267,1,-1636438.594,-3215679.939,Bullish,0.094256091,0.995146944,0.995331903,0.913601226,2023-05-26 18:00:00+00:00
5/26/2023,UNH,2023-05-26 18:25:00+00:00,TRUE,5/26/2023,2023-05-26 18:20:00+00:00,2023-05-26 18:00:00+00:00,481.38,30.915751,74.035409,2023-05-26T17:30:00,341281.9903,1,4902115.573,-4219551.593,Bullish,0.36101829,0.806306202,0.806811548,0.78866177,2023-05-26 17:00:00+00:00
5/30/2023,AMGN,2023-05-30 16:00:00+00:00,TRUE,5/30/2023,2023-05-30 15:55:00+00:00,2023-05-30 15:00:00+00:00,216.36,32.515263,98.003663,2023-05-30T13:30:00,-701883.7408,1,-19781.60579,-1383985.876,Bullish,0.091982514,0.988406174,0.988417277,0.93761868,2023-05-30 14:00:00+00:00
5/30/2023,BURL,2023-05-30 15:40:00+00:00,TRUE,5/30/2023,2023-05-30 15:35:00+00:00,2023-05-30 15:00:00+00:00,158.48,14.261294,94.389499,2023-05-30T13:30:00,-5341580.822,1,2059125.044,-12742286.69,Bullish,0.08678349,0.970092713,0.9730175,0.959527055,2023-05-30 14:00:00+00:00
5/30/2023,CAT,2023-05-30 16:20:00+00:00,TRUE,5/30/2023,2023-05-30 16:15:00+00:00,2023-05-30 16:00:00+00:00,209.3999,21.776557,88.095238,2023-05-30T15:30:00,-910657.5587,1,1823690.867,-3645005.985,Bullish,0.045412494,0.726416277,0.800981572,0.726087844,2023-05-30 15:00:00+00:00
5/30/2023,CF,2023-05-30 14:40:00+00:00,TRUE,5/30/2023,2023-05-30 14:35:00+00:00,2023-05-30 14:00:00+00:00,61.47,14.261294,0.40293,2023-05-30T13:30:00,-2518929.418,1,-1536528.341,-3501330.494,Bullish,0.017433066,0.879824423,0.879824423,0.491938577,2023-05-26 19:59:00+00:00
5/30/2023,CI,2023-05-30 19:25:00+00:00,TRUE,5/30/2023,2023-05-30 19:20:00+00:00,2023-05-30 19:00:00+00:00,241.715,6.507937,99.96337,2023-05-30T17:30:00,-218574.9851,1,335466.2477,-772616.2179,Bullish,0.018258076,0.972788429,0.975422836,0.971032711,2023-05-30 18:00:00+00:00
5/30/2023,DKNG,2023-05-30 16:00:00+00:00,TRUE,5/30/2023,2023-05-30 15:55:00+00:00,2023-05-30 15:00:00+00:00,23.2922,8.424908,59.304029,2023-05-30T13:30:00,-1451218.973,1,7266147.867,-10168585.81,Bullish,0.045570339,0.739291037,0.819931669,0.734191106,2023-05-30 14:00:00+00:00
5/30/2023,DXCM,2023-05-30 18:45:00+00:00,TRUE,5/30/2023,2023-05-30 18:40:00+00:00,2023-05-30 18:00:00+00:00,113.9,24.700855,96.318681,2023-05-30T17:30:00,687143.6927,1,1252546.467,121740.9186,Bullish,0.35186827,0.942031779,0.993736751,0.938057097,2023-05-30 17:00:00+00:00
5/30/2023,JNJ,2023-05-30 17:50:00+00:00,TRUE,5/30/2023,2023-05-30 17:45:00+00:00,2023-05-30 17:00:00+00:00,154.04,11.678877,98.113553,2023-05-30T15:30:00,-4222762.093,1,2744339.937,-11189864.12,Bullish,0.007859864,0.9672139,0.977925654,0.9672139,2023-05-30 16:00:00+00:00
5/30/2023,PYPL,2023-05-30 16:00:00+00:00,TRUE,5/30/2023,2023-05-30 15:55:00+00:00,2023-05-30 15:00:00+00:00,59.67,18.925519,97.527473,2023-05-30T13:30:00,100348.1555,1,16588462.32,-16387766,Bullish,0.019133233,0.962819873,0.976860596,0.962813035,2023-05-30 14:00:00+00:00
5/30/2023,ROST,2023-05-30 17:45:00+00:00,TRUE,5/30/2023,2023-05-30 17:40:00+00:00,2023-05-30 17:00:00+00:00,102.79,35.152625,89.108669,2023-05-30T15:30:00,-288390.2778,1,1200555.787,-1777336.343,Bullish,0.369234428,0.859055172,0.944982889,0.859055172,2023-05-30 16:00:00+00:00
5/30/2023,SE,2023-05-30 14:55:00+00:00,TRUE,5/30/2023,2023-05-30 14:50:00+00:00,2023-05-30 14:00:00+00:00,59.285,42.380952,99.97558,2023-05-30T13:30:00,-767785.6566,1,-197523.8403,-1338047.473,Bullish,0.295314979,0.979476858,0.99150924,0.979476858,2023-05-26 19:59:00+00:00
5/30/2023,TGT,2023-05-30 14:05:00+00:00,TRUE,5/30/2023,2023-05-30 14:00:00+00:00,2023-05-30 14:00:00+00:00,136.9,43.308913,99.80464,2023-05-30T13:30:00,-8959875.229,1,-2994336.629,-14925413.83,Bullish,0.103406064,0.981426554,0.996019984,0.981413979,2023-05-26 19:59:00+00:00
5/30/2023,UNP,2023-05-30 17:50:00+00:00,TRUE,5/30/2023,2023-05-30 17:45:00+00:00,2023-05-30 17:00:00+00:00,192.445,19.413919,93.473748,2023-05-30T15:30:00,-2430476.883,1,671968.1935,-5532921.96,Bullish,0.044623852,0.897116427,0.953291736,0.897082269,2023-05-30 16:00:00+00:00
5/30/2023,WYNN,2023-05-30 14:40:00+00:00,TRUE,5/30/2023,2023-05-30 14:35:00+00:00,2023-05-30 14:00:00+00:00,99.78,19.456654,93.663004,2023-05-30T13:30:00,-304879.2031,1,3034149.594,-3643908,Bullish,0.00245419,0.769574428,0.837298276,0.769574428,2023-05-26 19:59:00+00:00
5/31/2023,ALGN,2023-05-31 14:50:00+00:00,TRUE,5/31/2023,2023-05-31 14:45:00+00:00,2023-05-31 14:00:00+00:00,278.78,4.92674,99.151404,2023-05-31T13:30:00,-217238.0959,1,128104.834,-562581.0257,Bullish,0.158812279,0.870336513,0.963484648,0.870272028,2023-05-30 19:59:00+00:00
5/31/2023,C,2023-05-31 16:30:00+00:00,TRUE,5/31/2023,2023-05-31 16:25:00+00:00,2023-05-31 16:00:00+00:00,43.835,23.144078,99.578755,2023-05-31T15:30:00,-3098255.125,1,1310849.496,-7507359.746,Bullish,0.378803632,0.914028556,0.956881133,0.913637124,2023-05-31 15:00:00+00:00
5/31/2023,CELH,2023-05-31 14:30:00+00:00,TRUE,5/31/2023,2023-05-31 14:25:00+00:00,2023-05-31 14:00:00+00:00,41.2467,15.152625,99.97558,2023-05-31T13:30:00,-491527.2113,1,-211355.9394,-771698.4833,Bullish,0.102469719,0.998315975,0.998321909,0.973125967,2023-05-30 19:59:00+00:00
5/31/2023,COIN,2023-05-31 16:20:00+00:00,TRUE,5/31/2023,2023-05-31 16:15:00+00:00,2023-05-31 16:00:00+00:00,60.35,52.423687,87.332112,2023-05-31T15:30:00,244070.8333,1,5141956.027,-4653814.36,Bullish,0.499213569,0.847818189,0.847818189,0.643181417,2023-05-31 15:00:00+00:00
5/31/2023,CROX,2023-05-31 14:05:00+00:00,TRUE,5/31/2023,2023-05-31 14:00:00+00:00,2023-05-31 14:00:00+00:00,111.7,58.449328,67.069597,2023-05-31T13:30:00,365145.621,1,1101075.613,-370784.3709,Bullish,0.546833253,0.68025428,0.870282642,0.68024311,2023-05-30 19:59:00+00:00
5/31/2023,LOW,2023-05-31 15:10:00+00:00,TRUE,5/31/2023,2023-05-31 15:05:00+00:00,2023-05-31 15:00:00+00:00,200.745,12.002442,98.827839,2023-05-31T13:30:00,-7101703.616,1,-2945902.042,-11257505.19,Bullish,0.21605748,0.905924789,0.96562117,0.905882016,2023-05-31 14:00:00+00:00
5/31/2023,LULU,2023-05-31 14:30:00+00:00,TRUE,5/31/2023,2023-05-31 14:25:00+00:00,2023-05-31 14:00:00+00:00,331.88,30.879121,99.96337,2023-05-31T13:30:00,-1417875.472,1,744525.3633,-3580276.308,Bullish,0.224500782,0.986205084,0.986355048,0.98250425,2023-05-30 19:59:00+00:00
5/31/2023,W,2023-05-31 17:10:00+00:00,TRUE,5/31/2023,2023-05-31 17:05:00+00:00,2023-05-31 17:00:00+00:00,38.085,78.754579,93.101343,2023-05-31T15:30:00,2048842.462,1,3313892.254,783792.6697,Bullish,0.93833859,1,1,0.713476318,2023-05-31 16:00:00+00:00
6/1/2023,AAP,2023-06-01 19:10:00+00:00,TRUE,6/1/2023,2023-06-01 19:05:00+00:00,2023-06-01 19:00:00+00:00,68.64,17.399267,99.627595,2023-06-01T17:30:00,-292633.3951,1,-53463.51292,-531803.2773,Bullish,0.296209918,0.989334315,0.989334315,0.970639988,2023-06-01 18:00:00+00:00
6/1/2023,AMGN,2023-06-01 14:05:00+00:00,TRUE,6/1/2023,2023-06-01 14:00:00+00:00,2023-06-01 14:00:00+00:00,212.7,30.04884,99.89011,2023-06-01T13:30:00,-38087.18869,1,737588.4362,-813762.8136,Bullish,0.612560158,0.851627438,0.941544873,0.851514925,2023-05-31 19:59:00+00:00
6/1/2023,ASO,2023-06-01 16:55:00+00:00,TRUE,6/1/2023,2023-06-01 16:50:00+00:00,2023-06-01 16:00:00+00:00,47.94,22.338217,97.698413,2023-06-01T15:30:00,-410290.1992,1,158845.5742,-979425.9726,Bullish,0.28864219,0.972520209,0.978015886,0.970948237,2023-06-01 15:00:00+00:00
6/1/2023,CAR,2023-06-01 14:25:00+00:00,TRUE,6/1/2023,2023-06-01 14:20:00+00:00,2023-06-01 14:00:00+00:00,164,75.702076,86.385836,2023-06-01T13:30:00,504986.3692,1,813787.2736,196185.4647,Bullish,0.528195616,0.838146625,0.902450156,0.83814581,2023-05-31 19:59:00+00:00
6/1/2023,CVNA,2023-06-01 19:40:00+00:00,TRUE,6/1/2023,2023-06-01 19:35:00+00:00,2023-06-01 19:00:00+00:00,16.221,78.888889,99.401709,2023-06-01T17:30:00,4588802.071,1,6572895.056,2604709.086,Bullish,0.665182425,0.989018657,0.989024156,0.908270655,2023-06-01 18:00:00+00:00
6/1/2023,DG,2023-06-01 19:55:00+00:00,TRUE,6/1/2023,2023-06-01 19:50:00+00:00,2023-06-01 19:00:00+00:00,164.07,13.211233,97.362637,2023-06-01T17:30:00,-2568124.695,1,-1681166.831,-3455082.559,Bullish,0.218188583,0.954783462,0.966395837,0.952687852,2023-06-01 18:00:00+00:00
6/1/2023,DKS,2023-06-01 16:30:00+00:00,TRUE,6/1/2023,2023-06-01 16:25:00+00:00,2023-06-01 16:00:00+00:00,126.7,29.169719,90.01221,2023-06-01T15:30:00,-3509074.158,1,-1684932.852,-5333215.464,Bullish,0.347408256,0.840022825,0.897767188,0.840022825,2023-06-01 15:00:00+00:00
6/1/2023,GILD,2023-06-01 14:10:00+00:00,TRUE,6/1/2023,2023-06-01 14:05:00+00:00,2023-06-01 14:00:00+00:00,76.1,43.553114,99.908425,2023-06-01T13:30:00,-436339.7532,1,306081.4235,-1178760.93,Bullish,0.574249114,0.988839707,0.988839707,0.917007781,2023-05-31 19:59:00+00:00
6/1/2023,HSY,2023-06-01 16:55:00+00:00,TRUE,6/1/2023,2023-06-01 16:50:00+00:00,2023-06-01 16:00:00+00:00,259.07,29.79243,86.031746,2023-06-01T15:30:00,-1464376.31,1,-1025099.869,-1903652.752,Bullish,0.347071701,0.84853372,0.84853372,0.834030635,2023-06-01 15:00:00+00:00
6/1/2023,SO,2023-06-01 14:20:00+00:00,TRUE,6/1/2023,2023-06-01 14:15:00+00:00,2023-06-01 14:00:00+00:00,69.26,33.956044,97.759463,2023-06-01T13:30:00,133928.6543,1,281024.2648,-13166.95627,Bullish,0.276547012,0.905055977,0.966786472,0.905051369,2023-05-31 19:59:00+00:00
6/2/2023,CVNA,2023-06-02 14:35:00+00:00,TRUE,6/2/2023,2023-06-02 14:30:00+00:00,2023-06-02 14:00:00+00:00,15.13,54.444444,96.379731,2023-06-02T13:30:00,5134200.025,1,7618926.553,2649473.497,Bullish,0.745642594,0.97939275,0.999349029,0.93899774,2023-06-01 19:59:00+00:00
6/2/2023,LULU,2023-06-02 14:25:00+00:00,TRUE,6/2/2023,2023-06-02 14:20:00+00:00,2023-06-02 14:00:00+00:00,370.79,99.89011,54.059829,2023-06-02T13:30:00,1821829.074,1,6385632.613,-2741974.465,Bullish,0.297464489,0.986169652,0.989896377,0.986169652,2023-06-01 19:59:00+00:00
6/2/2023,LVS,2023-06-02 14:05:00+00:00,TRUE,6/2/2023,2023-06-02 14:00:00+00:00,2023-06-02 14:00:00+00:00,57.323,70.09768,67.899878,2023-06-02T13:30:00,1734586.369,1,3841010.785,-371838.0473,Bullish,0.32520417,0.905639158,0.942421837,0.904968362,2023-06-01 19:59:00+00:00
6/2/2023,MDB,2023-06-02 16:50:00+00:00,TRUE,6/2/2023,2023-06-02 16:45:00+00:00,2023-06-02 16:00:00+00:00,377.31,90,98.534799,2023-06-02T15:30:00,1466070.555,1,2843740.928,88400.18156,Bullish,0.65267098,0.903667693,0.961958148,0.903665478,2023-06-02 15:00:00+00:00
6/2/2023,PDD,2023-06-02 14:30:00+00:00,TRUE,6/2/2023,2023-06-02 14:25:00+00:00,2023-06-02 14:00:00+00:00,70.55,82.246642,86.050061,2023-06-02T13:30:00,20646702.06,1,27516641.21,13776762.91,Bullish,0.698265061,0.971595575,1,0.764138812,2023-06-01 19:59:00+00:00
6/2/2023,SEDG,2023-06-02 16:55:00+00:00,TRUE,6/2/2023,2023-06-02 16:50:00+00:00,2023-06-02 16:00:00+00:00,292.73,73.601954,85.775336,2023-06-02T15:30:00,100732.5637,1,378893.56,-177428.4326,Bullish,0.719188621,0.862469408,0.862645402,0.823123052,2023-06-02 15:00:00+00:00
6/2/2023,SPOT,2023-06-02 18:35:00+00:00,TRUE,6/2/2023,2023-06-02 18:30:00+00:00,2023-06-02 18:00:00+00:00,152.415,91.062271,96.446886,2023-06-02T17:30:00,679951.2154,1,2882486.249,-1522583.818,Bullish,0.613003095,0.985859261,0.989878231,0.822670568,2023-06-02 17:00:00+00:00
6/2/2023,TGT,2023-06-02 16:35:00+00:00,TRUE,6/2/2023,2023-06-02 16:30:00+00:00,2023-06-02 16:00:00+00:00,130.89,31.746032,96.703297,2023-06-02T15:30:00,-8025604.225,1,821670.3847,-16872878.83,Bullish,0.235512117,0.975213123,0.987066698,0.975210944,2023-06-02 15:00:00+00:00
6/2/2023,TMO,2023-06-02 15:05:00+00:00,TRUE,6/2/2023,2023-06-02 15:00:00+00:00,2023-06-02 15:00:00+00:00,523.3,89.79243,72.258852,2023-06-02T13:30:00,-204588.4358,1,747725.4189,-1156902.29,Bullish,0.364498418,0.865622652,0.888303168,0.865622652,2023-06-02 14:00:00+00:00
6/2/2023,V,2023-06-02 15:05:00+00:00,TRUE,6/2/2023,2023-06-02 15:00:00+00:00,2023-06-02 15:00:00+00:00,228.34,91.074481,57.631258,2023-06-02T13:30:00,-5070101.063,1,1111323.742,-11251525.87,Bullish,0.539557508,0.792037724,0.89616925,0.791977113,2023-06-02 14:00:00+00:00
