signal_id,signal_ts,ticker,direction,delta_target,quote_ts,expir,spot_entry,long_strike,short_strike,width,debit,risk_reward,spot_exit,payoff,pnl,return
3601,2025-03-31 14:10:00+00:00,PANW,call,0.1,2025-03-31 14:09:43+00:00,2025-04-04 00:00:00+00:00,168.44,180.0,182.5,2.5,0.22,10.364,153.31,0.0,-0.22,-1.0
3601,2025-03-31 14:10:00+00:00,PANW,call,0.15,2025-03-31 14:09:43+00:00,2025-04-04 00:00:00+00:00,168.44,177.5,180.0,2.5,0.38,5.579,153.31,0.0,-0.38,-1.0
3601,2025-03-31 14:10:00+00:00,PANW,call,0.2,2025-03-31 14:09:43+00:00,2025-04-04 00:00:00+00:00,168.44,177.5,180.0,2.5,0.38,5.579,153.31,0.0,-0.38,-1.0
3601,2025-03-31 14:10:00+00:00,PANW,call,0.25,2025-03-31 14:09:43+00:00,2025-04-04 00:00:00+00:00,168.44,175.0,180.0,5.0,0.86,4.814,153.31,0.0,-0.86,-1.0
3601,2025-03-31 14:10:00+00:00,PANW,call,0.3,2025-03-31 14:09:43+00:00,2025-04-04 00:00:00+00:00,168.44,172.5,177.5,5.0,1.28,2.906,153.31,0.0,-1.28,-1.0
3601,2025-03-31 14:10:00+00:00,PANW,call,0.35,2025-03-31 14:09:43+00:00,2025-04-04 00:00:00+00:00,168.44,172.5,177.5,5.0,1.28,2.906,153.31,0.0,-1.28,-1.0
3601,2025-03-31 14:10:00+00:00,PANW,call,0.4,2025-03-31 14:09:43+00:00,2025-04-04 00:00:00+00:00,168.44,170.0,175.0,5.0,1.94,1.577,153.31,0.0,-1.94,-1.0
3601,2025-03-31 14:10:00+00:00,PANW,call,0.45,2025-03-31 14:09:43+00:00,2025-04-04 00:00:00+00:00,168.44,170.0,175.0,5.0,1.94,1.577,153.31,0.0,-1.94,-1.0
3601,2025-03-31 14:10:00+00:00,PANW,call,0.5,2025-03-31 14:09:43+00:00,2025-04-04 00:00:00+00:00,168.44,170.0,175.0,5.0,1.94,1.577,153.31,0.0,-1.94,-1.0
3601,2025-03-31 14:10:00+00:00,PANW,call,0.65,2025-03-31 14:09:43+00:00,2025-04-04 00:00:00+00:00,168.44,165.0,172.5,7.5,4.16,0.803,153.31,0.0,-4.16,-1.0
3602,2025-04-01 19:20:00+00:00,NTAP,call,0.45,2025-04-01 19:19:54+00:00,2025-04-04 00:00:00+00:00,88.97,89.0,91.0,2.0,0.9,1.222,76.0,0.0,-0.9,-1.0
3602,2025-04-01 19:20:00+00:00,NTAP,call,0.5,2025-04-01 19:19:54+00:00,2025-04-04 00:00:00+00:00,88.97,89.0,91.0,2.0,0.9,1.222,76.0,0.0,-0.9,-1.0
3603,2025-04-01 19:00:00+00:00,ON,call,0.4,2025-04-01 18:59:43+00:00,2025-04-04 00:00:00+00:00,39.44,40.5,42.5,2.0,0.55,2.636,33.65,0.0,-0.55,-1.0
3603,2025-04-01 19:00:00+00:00,ON,call,0.45,2025-04-01 18:59:43+00:00,2025-04-04 00:00:00+00:00,39.44,40.0,42.0,2.0,0.71,1.817,33.65,0.0,-0.71,-1.0
3603,2025-04-01 19:00:00+00:00,ON,call,0.5,2025-04-01 18:59:43+00:00,2025-04-04 00:00:00+00:00,39.44,39.5,41.5,2.0,0.81,1.469,33.65,0.0,-0.81,-1.0
3603,2025-04-01 19:00:00+00:00,ON,call,0.55,2025-04-01 18:59:43+00:00,2025-04-04 00:00:00+00:00,39.44,39.0,41.5,2.5,1.08,1.315,33.65,0.0,-1.08,-1.0
3603,2025-04-01 19:00:00+00:00,ON,call,0.6,2025-04-01 18:59:43+00:00,2025-04-04 00:00:00+00:00,39.44,39.0,41.5,2.5,1.08,1.315,33.65,0.0,-1.08,-1.0
3603,2025-04-01 19:00:00+00:00,ON,call,0.7,2025-04-01 18:59:43+00:00,2025-04-04 00:00:00+00:00,39.44,38.0,41.0,3.0,1.65,0.818,33.65,0.0,-1.65,-1.0
3605,2025-04-02 14:05:00+00:00,DHR,call,0.55,2025-04-02 14:04:50+00:00,2025-04-04 00:00:00+00:00,201.31,200.0,205.0,5.0,2.65,0.887,181.88,0.0,-2.65,-1.0
3605,2025-04-02 14:05:00+00:00,DHR,call,0.6,2025-04-02 14:04:50+00:00,2025-04-04 00:00:00+00:00,201.31,200.0,205.0,5.0,2.65,0.887,181.88,0.0,-2.65,-1.0
3606,2025-04-02 19:40:00+00:00,RBLX,call,0.2,2025-04-02 19:40:04+00:00,2025-04-04 00:00:00+00:00,61.58,64.0,65.0,1.0,0.2,4.0,53.0,0.0,-0.2,-1.0
3606,2025-04-02 19:40:00+00:00,RBLX,call,0.25,2025-04-02 19:40:04+00:00,2025-04-04 00:00:00+00:00,61.58,64.0,65.0,1.0,0.2,4.0,53.0,0.0,-0.2,-1.0
3606,2025-04-02 19:40:00+00:00,RBLX,call,0.3,2025-04-02 19:40:04+00:00,2025-04-04 00:00:00+00:00,61.58,63.0,65.0,2.0,0.47,3.255,53.0,0.0,-0.47,-1.0
3606,2025-04-02 19:40:00+00:00,RBLX,call,0.35,2025-04-02 19:40:04+00:00,2025-04-04 00:00:00+00:00,61.58,63.0,65.0,2.0,0.47,3.255,53.0,0.0,-0.47,-1.0
3606,2025-04-02 19:40:00+00:00,RBLX,call,0.4,2025-04-02 19:40:04+00:00,2025-04-04 00:00:00+00:00,61.58,62.0,64.0,2.0,0.71,1.817,53.0,0.0,-0.71,-1.0
3606,2025-04-02 19:40:00+00:00,RBLX,call,0.45,2025-04-02 19:40:04+00:00,2025-04-04 00:00:00+00:00,61.58,62.0,64.0,2.0,0.71,1.817,53.0,0.0,-0.71,-1.0
3606,2025-04-02 19:40:00+00:00,RBLX,call,0.5,2025-04-02 19:40:04+00:00,2025-04-04 00:00:00+00:00,61.58,62.0,64.0,2.0,0.71,1.817,53.0,0.0,-0.71,-1.0
3606,2025-04-02 19:40:00+00:00,RBLX,call,0.55,2025-04-02 19:40:04+00:00,2025-04-04 00:00:00+00:00,61.58,61.0,63.0,2.0,0.97,1.062,53.0,0.0,-0.97,-1.0
3606,2025-04-02 19:40:00+00:00,RBLX,call,0.6,2025-04-02 19:40:04+00:00,2025-04-04 00:00:00+00:00,61.58,61.0,63.0,2.0,0.97,1.062,53.0,0.0,-0.97,-1.0
3606,2025-04-02 19:40:00+00:00,RBLX,call,0.65,2025-04-02 19:40:04+00:00,2025-04-04 00:00:00+00:00,61.58,60.0,63.0,3.0,1.62,0.852,53.0,0.0,-1.62,-1.0
3606,2025-04-02 19:40:00+00:00,RBLX,call,0.7,2025-04-02 19:40:04+00:00,2025-04-04 00:00:00+00:00,61.58,60.0,63.0,3.0,1.62,0.852,53.0,0.0,-1.62,-1.0
3606,2025-04-02 19:40:00+00:00,RBLX,call,0.75,2025-04-02 19:40:04+00:00,2025-04-04 00:00:00+00:00,61.58,60.0,63.0,3.0,1.62,0.852,53.0,0.0,-1.62,-1.0
3608,2025-04-03 16:20:00+00:00,AZN,call,0.6,2025-04-03 16:19:53+00:00,2025-04-04 00:00:00+00:00,74.91,74.0,76.0,2.0,1.09,0.835,68.47,0.0,-1.09,-1.0
3608,2025-04-03 16:20:00+00:00,AZN,call,0.65,2025-04-03 16:19:53+00:00,2025-04-04 00:00:00+00:00,74.91,74.0,76.0,2.0,1.09,0.835,68.47,0.0,-1.09,-1.0
3608,2025-04-03 16:20:00+00:00,AZN,call,0.7,2025-04-03 16:19:53+00:00,2025-04-04 00:00:00+00:00,74.91,74.0,76.0,2.0,1.09,0.835,68.47,0.0,-1.09,-1.0
3608,2025-04-03 16:20:00+00:00,AZN,call,0.75,2025-04-03 16:19:53+00:00,2025-04-04 00:00:00+00:00,74.91,74.0,76.0,2.0,1.09,0.835,68.47,0.0,-1.09,-1.0
3615,2025-04-03 14:10:00+00:00,MOS,call,0.6,2025-04-03 14:09:38+00:00,2025-04-04 00:00:00+00:00,25.43,25.0,26.0,1.0,0.53,0.887,23.48,0.0,-0.53,-1.0
3615,2025-04-03 14:10:00+00:00,MOS,call,0.65,2025-04-03 14:09:38+00:00,2025-04-04 00:00:00+00:00,25.43,25.0,26.0,1.0,0.53,0.887,23.48,0.0,-0.53,-1.0
3615,2025-04-03 14:10:00+00:00,MOS,call,0.7,2025-04-03 14:09:38+00:00,2025-04-04 00:00:00+00:00,25.43,25.0,26.0,1.0,0.53,0.887,23.48,0.0,-0.53,-1.0
3615,2025-04-03 14:10:00+00:00,MOS,call,0.75,2025-04-03 14:09:38+00:00,2025-04-04 00:00:00+00:00,25.43,25.0,26.0,1.0,0.53,0.887,23.48,0.0,-0.53,-1.0
3616,2025-04-03 19:40:00+00:00,UPS,call,0.4,2025-04-03 19:39:46+00:00,2025-04-04 00:00:00+00:00,100.49,101.0,103.0,2.0,0.82,1.439,97.63,0.0,-0.82,-1.0
3616,2025-04-03 19:40:00+00:00,UPS,call,0.45,2025-04-03 19:39:46+00:00,2025-04-04 00:00:00+00:00,100.49,101.0,103.0,2.0,0.82,1.439,97.63,0.0,-0.82,-1.0
3616,2025-04-03 19:40:00+00:00,UPS,call,0.5,2025-04-03 19:39:46+00:00,2025-04-04 00:00:00+00:00,100.49,101.0,103.0,2.0,0.82,1.439,97.63,0.0,-0.82,-1.0
3617,2025-04-03 14:50:00+00:00,XLC,call,0.5,2025-04-03 14:49:55+00:00,2025-04-04 00:00:00+00:00,93.37,93.0,95.0,2.0,0.95,1.105,87.25,0.0,-0.95,-1.0
3617,2025-04-03 14:50:00+00:00,XLC,call,0.55,2025-04-03 14:49:55+00:00,2025-04-04 00:00:00+00:00,93.37,93.0,95.0,2.0,0.95,1.105,87.25,0.0,-0.95,-1.0
3617,2025-04-03 14:50:00+00:00,XLC,call,0.6,2025-04-03 14:49:55+00:00,2025-04-04 00:00:00+00:00,93.37,93.0,95.0,2.0,0.95,1.105,87.25,0.0,-0.95,-1.0
3618,2025-04-03 15:15:00+00:00,XLI,call,0.25,2025-04-03 15:14:51+00:00,2025-04-04 00:00:00+00:00,126.95,129.0,131.0,2.0,0.35,4.714,118.18,0.0,-0.35,-1.0
3618,2025-04-03 15:15:00+00:00,XLI,call,0.3,2025-04-03 15:14:51+00:00,2025-04-04 00:00:00+00:00,126.95,129.0,131.0,2.0,0.35,4.714,118.18,0.0,-0.35,-1.0
3618,2025-04-03 15:15:00+00:00,XLI,call,0.35,2025-04-03 15:14:51+00:00,2025-04-04 00:00:00+00:00,126.95,128.0,130.0,2.0,0.57,2.509,118.18,0.0,-0.57,-1.0
3618,2025-04-03 15:15:00+00:00,XLI,call,0.4,2025-04-03 15:14:51+00:00,2025-04-04 00:00:00+00:00,126.95,128.0,130.0,2.0,0.57,2.509,118.18,0.0,-0.57,-1.0
3618,2025-04-03 15:15:00+00:00,XLI,call,0.45,2025-04-03 15:14:51+00:00,2025-04-04 00:00:00+00:00,126.95,127.0,129.0,2.0,0.86,1.326,118.18,0.0,-0.86,-1.0
3618,2025-04-03 15:15:00+00:00,XLI,call,0.5,2025-04-03 15:14:51+00:00,2025-04-04 00:00:00+00:00,126.95,127.0,129.0,2.0,0.86,1.326,118.18,0.0,-0.86,-1.0
3618,2025-04-03 15:15:00+00:00,XLI,call,0.55,2025-04-03 15:14:51+00:00,2025-04-04 00:00:00+00:00,126.95,127.0,129.0,2.0,0.86,1.326,118.18,0.0,-0.86,-1.0
3618,2025-04-03 15:15:00+00:00,XLI,call,0.6,2025-04-03 15:14:51+00:00,2025-04-04 00:00:00+00:00,126.95,126.0,129.0,3.0,1.46,1.055,118.18,0.0,-1.46,-1.0
3618,2025-04-03 15:15:00+00:00,XLI,call,0.65,2025-04-03 15:14:51+00:00,2025-04-04 00:00:00+00:00,126.95,126.0,129.0,3.0,1.46,1.055,118.18,0.0,-1.46,-1.0
3619,2025-04-04 16:05:00+00:00,ABBV,call,0.35,2025-04-04 16:04:46+00:00,2025-04-11 00:00:00+00:00,193.84,197.5,202.5,5.0,2.02,1.475,175.0,0.0,-2.02,-1.0
3619,2025-04-04 16:05:00+00:00,ABBV,call,0.4,2025-04-04 16:04:46+00:00,2025-04-11 00:00:00+00:00,193.84,197.5,202.5,5.0,2.02,1.475,175.0,0.0,-2.02,-1.0
3619,2025-04-04 16:05:00+00:00,ABBV,call,0.55,2025-04-04 16:04:46+00:00,2025-04-11 00:00:00+00:00,193.84,192.5,200.0,7.5,3.79,0.979,175.0,0.0,-3.79,-1.0
3619,2025-04-04 16:05:00+00:00,ABBV,call,0.6,2025-04-04 16:04:46+00:00,2025-04-11 00:00:00+00:00,193.84,192.5,200.0,7.5,3.79,0.979,175.0,0.0,-3.79,-1.0
3619,2025-04-04 16:05:00+00:00,ABBV,call,0.65,2025-04-04 16:04:46+00:00,2025-04-11 00:00:00+00:00,193.84,190.0,200.0,10.0,5.39,0.855,175.0,0.0,-5.39,-1.0
3622,2025-04-04 19:20:00+00:00,ANET,call,0.25,2025-04-04 19:20:01+00:00,2025-04-11 00:00:00+00:00,64.48,70.0,74.0,4.0,0.85,3.706,72.5,2.5,1.65,1.941
3622,2025-04-04 19:20:00+00:00,ANET,call,0.3,2025-04-04 19:20:01+00:00,2025-04-11 00:00:00+00:00,64.48,69.0,73.0,4.0,1.05,2.81,72.5,3.5,2.45,2.333
3622,2025-04-04 19:20:00+00:00,ANET,call,0.35,2025-04-04 19:20:01+00:00,2025-04-11 00:00:00+00:00,64.48,68.0,72.0,4.0,1.25,2.2,72.5,4.0,2.75,2.2
3622,2025-04-04 19:20:00+00:00,ANET,call,0.4,2025-04-04 19:20:01+00:00,2025-04-11 00:00:00+00:00,64.48,67.0,71.0,4.0,1.45,1.759,72.5,4.0,2.55,1.759
3622,2025-04-04 19:20:00+00:00,ANET,call,0.45,2025-04-04 19:20:01+00:00,2025-04-11 00:00:00+00:00,64.48,66.0,71.0,5.0,1.9,1.632,72.5,5.0,3.1,1.632
3622,2025-04-04 19:20:00+00:00,ANET,call,0.5,2025-04-04 19:20:01+00:00,2025-04-11 00:00:00+00:00,64.48,65.0,70.0,5.0,2.15,1.326,72.5,5.0,2.85,1.326
3622,2025-04-04 19:20:00+00:00,ANET,call,0.55,2025-04-04 19:20:01+00:00,2025-04-11 00:00:00+00:00,64.48,64.0,70.0,6.0,2.75,1.182,72.5,6.0,3.25,1.182
3622,2025-04-04 19:20:00+00:00,ANET,call,0.6,2025-04-04 19:20:01+00:00,2025-04-11 00:00:00+00:00,64.48,63.0,69.0,6.0,3.05,0.967,72.5,6.0,2.95,0.967
3622,2025-04-04 19:20:00+00:00,ANET,call,0.65,2025-04-04 19:20:01+00:00,2025-04-11 00:00:00+00:00,64.48,62.0,69.0,7.0,3.75,0.867,72.5,7.0,3.25,0.867
3624,2025-04-04 19:30:00+00:00,BK,call,0.6,2025-04-04 19:29:55+00:00,2025-04-11 00:00:00+00:00,74.22,73.0,79.0,6.0,3.1,0.935,77.77,4.77,1.67,0.539
3625,2025-04-04 19:35:00+00:00,CEG,call,0.45,2025-04-04 19:35:01+00:00,2025-04-11 00:00:00+00:00,172.58,177.5,192.5,15.0,6.4,1.344,208.22,15.0,8.6,1.344
3625,2025-04-04 19:35:00+00:00,CEG,call,0.5,2025-04-04 19:35:01+00:00,2025-04-11 00:00:00+00:00,172.58,172.5,187.5,15.0,7.65,0.961,208.22,15.0,7.35,0.961
3625,2025-04-04 19:35:00+00:00,CEG,call,0.55,2025-04-04 19:35:01+00:00,2025-04-11 00:00:00+00:00,172.58,170.0,187.5,17.5,9.35,0.872,208.22,17.5,8.15,0.872
3626,2025-04-04 14:05:00+00:00,DOW,call,0.55,2025-04-04 14:04:52+00:00,2025-04-11 00:00:00+00:00,29.36,29.0,31.0,2.0,1.01,0.98,28.44,0.0,-1.01,-1.0
3626,2025-04-04 14:05:00+00:00,DOW,call,0.6,2025-04-04 14:04:52+00:00,2025-04-11 00:00:00+00:00,29.36,29.0,31.0,2.0,1.01,0.98,28.44,0.0,-1.01,-1.0
3629,2025-04-04 19:25:00+00:00,MA,call,0.15,2025-04-04 19:24:50+00:00,2025-04-11 00:00:00+00:00,496.66,532.5,542.5,10.0,1.58,5.329,509.6,0.0,-1.58,-1.0
3629,2025-04-04 19:25:00+00:00,MA,call,0.2,2025-04-04 19:24:50+00:00,2025-04-11 00:00:00+00:00,496.66,527.5,540.0,12.5,2.39,4.23,509.6,0.0,-2.39,-1.0
3629,2025-04-04 19:25:00+00:00,MA,call,0.25,2025-04-04 19:24:50+00:00,2025-04-11 00:00:00+00:00,496.66,522.5,535.0,12.5,3.07,3.072,509.6,0.0,-3.07,-1.0
3629,2025-04-04 19:25:00+00:00,MA,call,0.3,2025-04-04 19:24:50+00:00,2025-04-11 00:00:00+00:00,496.66,517.5,532.5,15.0,4.28,2.505,509.6,0.0,-4.28,-1.0
3629,2025-04-04 19:25:00+00:00,MA,call,0.35,2025-04-04 19:24:50+00:00,2025-04-11 00:00:00+00:00,496.66,512.5,530.0,17.5,5.72,2.059,509.6,0.0,-5.72,-1.0
3629,2025-04-04 19:25:00+00:00,MA,call,0.4,2025-04-04 19:24:50+00:00,2025-04-11 00:00:00+00:00,496.66,507.5,527.5,20.0,7.35,1.721,509.6,2.1,-5.25,-0.714
3629,2025-04-04 19:25:00+00:00,MA,call,0.45,2025-04-04 19:24:50+00:00,2025-04-11 00:00:00+00:00,496.66,502.5,522.5,20.0,8.55,1.339,509.6,7.1,-1.45,-0.17
3629,2025-04-04 19:25:00+00:00,MA,call,0.5,2025-04-04 19:24:50+00:00,2025-04-11 00:00:00+00:00,496.66,497.5,520.0,22.5,10.6,1.123,509.6,12.1,1.5,0.142
3629,2025-04-04 19:25:00+00:00,MA,call,0.55,2025-04-04 19:24:50+00:00,2025-04-11 00:00:00+00:00,496.66,492.5,520.0,27.5,13.65,1.015,509.6,17.1,3.45,0.253
3629,2025-04-04 19:25:00+00:00,MA,call,0.6,2025-04-04 19:24:50+00:00,2025-04-11 00:00:00+00:00,496.66,487.5,517.5,30.0,16.1,0.863,509.6,22.1,6.0,0.373
3630,2025-04-04 18:55:00+00:00,MDT,call,0.45,2025-04-04 18:54:56+00:00,2025-04-11 00:00:00+00:00,83.36,84.0,87.0,3.0,1.33,1.256,82.88,0.0,-1.33,-1.0
3630,2025-04-04 18:55:00+00:00,MDT,call,0.5,2025-04-04 18:54:56+00:00,2025-04-11 00:00:00+00:00,83.36,84.0,87.0,3.0,1.33,1.256,82.88,0.0,-1.33,-1.0
3630,2025-04-04 18:55:00+00:00,MDT,call,0.55,2025-04-04 18:54:56+00:00,2025-04-11 00:00:00+00:00,83.36,83.0,86.0,3.0,1.63,0.84,82.88,0.0,-1.63,-1.0
3631,2025-04-04 17:40:00+00:00,MMM,call,0.45,2025-04-04 17:39:48+00:00,2025-04-11 00:00:00+00:00,130.32,132.0,139.0,7.0,3.02,1.318,135.75,3.75,0.73,0.242
3631,2025-04-04 17:40:00+00:00,MMM,call,0.5,2025-04-04 17:39:48+00:00,2025-04-11 00:00:00+00:00,130.32,131.0,138.0,7.0,3.5,1.0,135.75,4.75,1.25,0.357
3631,2025-04-04 17:40:00+00:00,MMM,call,0.55,2025-04-04 17:39:48+00:00,2025-04-11 00:00:00+00:00,130.32,130.0,138.0,8.0,3.95,1.025,135.75,5.75,1.8,0.456
3633,2025-04-04 19:25:00+00:00,PPG,call,0.6,2025-04-04 19:24:46+00:00,2025-04-11 00:00:00+00:00,100.15,99.0,104.0,5.0,2.7,0.852,100.66,1.66,-1.04,-0.385
3636,2025-04-04 17:15:00+00:00,TXN,call,0.3,2025-04-04 17:14:55+00:00,2025-04-11 00:00:00+00:00,153.63,162.5,170.0,7.5,1.88,2.989,147.61,0.0,-1.88,-1.0
3636,2025-04-04 17:15:00+00:00,TXN,call,0.35,2025-04-04 17:14:55+00:00,2025-04-11 00:00:00+00:00,153.63,160.0,167.5,7.5,2.59,1.896,147.61,0.0,-2.59,-1.0
3636,2025-04-04 17:15:00+00:00,TXN,call,0.4,2025-04-04 17:14:55+00:00,2025-04-11 00:00:00+00:00,153.63,157.5,165.0,7.5,3.06,1.451,147.61,0.0,-3.06,-1.0
3636,2025-04-04 17:15:00+00:00,TXN,call,0.45,2025-04-04 17:14:55+00:00,2025-04-11 00:00:00+00:00,153.63,155.0,165.0,10.0,4.16,1.404,147.61,0.0,-4.16,-1.0
3636,2025-04-04 17:15:00+00:00,TXN,call,0.5,2025-04-04 17:14:55+00:00,2025-04-11 00:00:00+00:00,153.63,155.0,165.0,10.0,4.16,1.404,147.61,0.0,-4.16,-1.0
3636,2025-04-04 17:15:00+00:00,TXN,call,0.55,2025-04-04 17:14:55+00:00,2025-04-11 00:00:00+00:00,153.63,152.5,162.5,10.0,4.76,1.101,147.61,0.0,-4.76,-1.0
3636,2025-04-04 17:15:00+00:00,TXN,call,0.6,2025-04-04 17:14:55+00:00,2025-04-11 00:00:00+00:00,153.63,150.0,162.5,12.5,6.21,1.013,147.61,0.0,-6.21,-1.0
3636,2025-04-04 17:15:00+00:00,TXN,call,0.65,2025-04-04 17:14:55+00:00,2025-04-11 00:00:00+00:00,153.63,150.0,162.5,12.5,6.21,1.013,147.61,0.0,-6.21,-1.0
3637,2025-04-04 17:35:00+00:00,WDC,call,0.45,2025-04-04 17:34:47+00:00,2025-04-11 00:00:00+00:00,30.49,31.0,33.5,2.5,1.07,1.336,34.31,2.5,1.43,1.336
3640,2025-04-04 14:55:00+00:00,XLF,call,0.1,2025-04-04 14:54:48+00:00,2025-04-11 00:00:00+00:00,45.0,49.0,50.0,1.0,0.07,13.286,46.29,0.0,-0.07,-1.0
3640,2025-04-04 14:55:00+00:00,XLF,call,0.15,2025-04-04 14:54:48+00:00,2025-04-11 00:00:00+00:00,45.0,48.0,49.0,1.0,0.15,5.667,46.29,0.0,-0.15,-1.0
3640,2025-04-04 14:55:00+00:00,XLF,call,0.2,2025-04-04 14:54:48+00:00,2025-04-11 00:00:00+00:00,45.0,47.5,48.5,1.0,0.21,3.762,46.29,0.0,-0.21,-1.0
3640,2025-04-04 14:55:00+00:00,XLF,call,0.25,2025-04-04 14:54:48+00:00,2025-04-11 00:00:00+00:00,45.0,47.0,48.5,1.5,0.35,3.286,46.29,0.0,-0.35,-1.0
3640,2025-04-04 14:55:00+00:00,XLF,call,0.3,2025-04-04 14:54:48+00:00,2025-04-11 00:00:00+00:00,45.0,47.0,48.5,1.5,0.35,3.286,46.29,0.0,-0.35,-1.0
3640,2025-04-04 14:55:00+00:00,XLF,call,0.35,2025-04-04 14:54:48+00:00,2025-04-11 00:00:00+00:00,45.0,46.5,48.0,1.5,0.46,2.261,46.29,0.0,-0.46,-1.0
3640,2025-04-04 14:55:00+00:00,XLF,call,0.4,2025-04-04 14:54:48+00:00,2025-04-11 00:00:00+00:00,45.0,46.0,47.5,1.5,0.58,1.586,46.29,0.29,-0.29,-0.5
3640,2025-04-04 14:55:00+00:00,XLF,call,0.45,2025-04-04 14:54:48+00:00,2025-04-11 00:00:00+00:00,45.0,45.5,47.5,2.0,0.83,1.41,46.29,0.79,-0.04,-0.048
3640,2025-04-04 14:55:00+00:00,XLF,call,0.5,2025-04-04 14:54:48+00:00,2025-04-11 00:00:00+00:00,45.0,45.0,47.0,2.0,0.97,1.062,46.29,1.29,0.32,0.33
3640,2025-04-04 14:55:00+00:00,XLF,call,0.55,2025-04-04 14:54:48+00:00,2025-04-11 00:00:00+00:00,45.0,45.0,47.0,2.0,0.97,1.062,46.29,1.29,0.32,0.33
3641,2025-04-04 16:40:00+00:00,XLI,call,0.5,2025-04-04 16:39:54+00:00,2025-04-11 00:00:00+00:00,119.72,120.0,124.0,4.0,2.21,0.81,123.7,3.7,1.49,0.674
3645,2025-04-07 14:35:00+00:00,AMD,call,0.1,2025-04-07 14:34:45+00:00,2025-04-11 00:00:00+00:00,83.09,98.0,104.0,6.0,0.28,20.429,93.33,0.0,-0.28,-1.0
3645,2025-04-07 14:35:00+00:00,AMD,call,0.15,2025-04-07 14:34:45+00:00,2025-04-11 00:00:00+00:00,83.09,95.0,100.0,5.0,0.43,10.628,93.33,0.0,-0.43,-1.0
3645,2025-04-07 14:35:00+00:00,AMD,call,0.2,2025-04-07 14:34:45+00:00,2025-04-11 00:00:00+00:00,83.09,92.0,97.0,5.0,0.73,5.849,93.33,1.33,0.6,0.822
3645,2025-04-07 14:35:00+00:00,AMD,call,0.25,2025-04-07 14:34:45+00:00,2025-04-11 00:00:00+00:00,83.09,91.0,96.0,5.0,0.85,4.882,93.33,2.33,1.48,1.741
3645,2025-04-07 14:35:00+00:00,AMD,call,0.3,2025-04-07 14:34:45+00:00,2025-04-11 00:00:00+00:00,83.09,89.0,95.0,6.0,1.27,3.724,93.33,4.33,3.06,2.409
3645,2025-04-07 14:35:00+00:00,AMD,call,0.35,2025-04-07 14:34:45+00:00,2025-04-11 00:00:00+00:00,83.09,88.0,94.0,6.0,1.48,3.054,93.33,5.33,3.85,2.601
3645,2025-04-07 14:35:00+00:00,AMD,call,0.4,2025-04-07 14:34:45+00:00,2025-04-11 00:00:00+00:00,83.09,86.0,92.0,6.0,1.92,2.125,93.33,6.0,4.08,2.125
3645,2025-04-07 14:35:00+00:00,AMD,call,0.45,2025-04-07 14:34:45+00:00,2025-04-11 00:00:00+00:00,83.09,85.0,91.0,6.0,2.15,1.791,93.33,6.0,3.85,1.791
3645,2025-04-07 14:35:00+00:00,AMD,call,0.5,2025-04-07 14:34:45+00:00,2025-04-11 00:00:00+00:00,83.09,83.5,90.0,6.5,2.66,1.444,93.33,6.5,3.84,1.444
3645,2025-04-07 14:35:00+00:00,AMD,call,0.55,2025-04-07 14:34:45+00:00,2025-04-11 00:00:00+00:00,83.09,82.5,90.0,7.5,3.16,1.373,93.33,7.5,4.34,1.373
3645,2025-04-07 14:35:00+00:00,AMD,call,0.6,2025-04-07 14:34:45+00:00,2025-04-11 00:00:00+00:00,83.09,81.0,89.0,8.0,3.78,1.116,93.33,8.0,4.22,1.116
3645,2025-04-07 14:35:00+00:00,AMD,call,0.65,2025-04-07 14:34:45+00:00,2025-04-11 00:00:00+00:00,83.09,79.0,88.0,9.0,4.71,0.911,93.33,9.0,4.29,0.911
3645,2025-04-07 14:35:00+00:00,AMD,call,0.7,2025-04-07 14:34:45+00:00,2025-04-11 00:00:00+00:00,83.09,78.0,88.0,10.0,5.41,0.848,93.33,10.0,4.59,0.848
3646,2025-04-07 16:00:00+00:00,AMGN,call,0.3,2025-04-07 15:59:58+00:00,2025-04-11 00:00:00+00:00,288.91,300.0,307.5,7.5,2.42,2.099,286.1,0.0,-2.42,-1.0
3646,2025-04-07 16:00:00+00:00,AMGN,call,0.35,2025-04-07 15:59:58+00:00,2025-04-11 00:00:00+00:00,288.91,297.5,307.5,10.0,3.42,1.924,286.1,0.0,-3.42,-1.0
3646,2025-04-07 16:00:00+00:00,AMGN,call,0.5,2025-04-07 15:59:58+00:00,2025-04-11 00:00:00+00:00,288.91,290.0,302.5,12.5,6.49,0.926,286.1,0.0,-6.49,-1.0
3646,2025-04-07 16:00:00+00:00,AMGN,call,0.6,2025-04-07 15:59:58+00:00,2025-04-11 00:00:00+00:00,288.91,285.0,300.0,15.0,8.1,0.852,286.1,1.1,-7.0,-0.864
3647,2025-04-07 16:15:00+00:00,ANET,call,0.2,2025-04-07 16:14:52+00:00,2025-04-11 00:00:00+00:00,65.97,74.0,77.0,3.0,0.5,5.0,72.5,0.0,-0.5,-1.0
3647,2025-04-07 16:15:00+00:00,ANET,call,0.25,2025-04-07 16:14:52+00:00,2025-04-11 00:00:00+00:00,65.97,72.0,76.0,4.0,0.85,3.706,72.5,0.5,-0.35,-0.412
3647,2025-04-07 16:15:00+00:00,ANET,call,0.3,2025-04-07 16:14:52+00:00,2025-04-11 00:00:00+00:00,65.97,71.0,75.0,4.0,1.0,3.0,72.5,1.5,0.5,0.5
3647,2025-04-07 16:15:00+00:00,ANET,call,0.35,2025-04-07 16:14:52+00:00,2025-04-11 00:00:00+00:00,65.97,70.0,74.0,4.0,1.25,2.2,72.5,2.5,1.25,1.0
3647,2025-04-07 16:15:00+00:00,ANET,call,0.4,2025-04-07 16:14:52+00:00,2025-04-11 00:00:00+00:00,65.97,69.0,74.0,5.0,1.6,2.125,72.5,3.5,1.9,1.188
3647,2025-04-07 16:15:00+00:00,ANET,call,0.45,2025-04-07 16:14:52+00:00,2025-04-11 00:00:00+00:00,65.97,68.0,73.0,5.0,1.85,1.703,72.5,4.5,2.65,1.432
3647,2025-04-07 16:15:00+00:00,ANET,call,0.5,2025-04-07 16:14:52+00:00,2025-04-11 00:00:00+00:00,65.97,67.0,72.0,5.0,2.05,1.439,72.5,5.0,2.95,1.439
3647,2025-04-07 16:15:00+00:00,ANET,call,0.55,2025-04-07 16:14:52+00:00,2025-04-11 00:00:00+00:00,65.97,65.0,71.0,6.0,2.9,1.069,72.5,6.0,3.1,1.069
3647,2025-04-07 16:15:00+00:00,ANET,call,0.6,2025-04-07 16:14:52+00:00,2025-04-11 00:00:00+00:00,65.97,64.0,71.0,7.0,3.5,1.0,72.5,7.0,3.5,1.0
3647,2025-04-07 16:15:00+00:00,ANET,call,0.65,2025-04-07 16:14:52+00:00,2025-04-11 00:00:00+00:00,65.97,63.0,70.0,7.0,3.85,0.818,72.5,7.0,3.15,0.818
3648,2025-04-07 14:50:00+00:00,APP,call,0.3,2025-04-07 14:49:51+00:00,2025-04-11 00:00:00+00:00,228.22,257.5,282.5,25.0,5.9,3.237,249.67,0.0,-5.9,-1.0
3648,2025-04-07 14:50:00+00:00,APP,call,0.5,2025-04-07 14:49:51+00:00,2025-04-11 00:00:00+00:00,228.22,235.0,265.0,30.0,11.9,1.521,249.67,14.67,2.77,0.233
3648,2025-04-07 14:50:00+00:00,APP,call,0.6,2025-04-07 14:49:51+00:00,2025-04-11 00:00:00+00:00,228.22,222.5,257.5,35.0,16.6,1.108,249.67,27.17,10.57,0.637
3648,2025-04-07 14:50:00+00:00,APP,call,0.65,2025-04-07 14:49:51+00:00,2025-04-11 00:00:00+00:00,228.22,217.5,255.0,37.5,19.4,0.933,249.67,32.17,12.77,0.658
3648,2025-04-07 14:50:00+00:00,APP,call,0.7,2025-04-07 14:49:51+00:00,2025-04-11 00:00:00+00:00,228.22,210.0,252.5,42.5,23.4,0.816,249.67,39.67,16.27,0.695
3649,2025-04-07 16:30:00+00:00,AVGO,call,0.1,2025-04-07 16:29:51+00:00,2025-04-11 00:00:00+00:00,151.36,175.0,182.5,7.5,0.48,14.625,181.5,6.5,6.02,12.542
3649,2025-04-07 16:30:00+00:00,AVGO,call,0.15,2025-04-07 16:29:51+00:00,2025-04-11 00:00:00+00:00,151.36,172.5,180.0,7.5,0.64,10.719,181.5,7.5,6.86,10.719
3649,2025-04-07 16:30:00+00:00,AVGO,call,0.2,2025-04-07 16:29:51+00:00,2025-04-11 00:00:00+00:00,151.36,167.5,175.0,7.5,1.09,5.881,181.5,7.5,6.41,5.881
3649,2025-04-07 16:30:00+00:00,AVGO,call,0.25,2025-04-07 16:29:51+00:00,2025-04-11 00:00:00+00:00,151.36,165.0,172.5,7.5,1.41,4.319,181.5,7.5,6.09,4.319
3649,2025-04-07 16:30:00+00:00,AVGO,call,0.3,2025-04-07 16:29:51+00:00,2025-04-11 00:00:00+00:00,151.36,162.5,172.5,10.0,2.07,3.831,181.5,10.0,7.93,3.831
3649,2025-04-07 16:30:00+00:00,AVGO,call,0.35,2025-04-07 16:29:51+00:00,2025-04-11 00:00:00+00:00,151.36,160.0,170.0,10.0,2.59,2.861,181.5,10.0,7.41,2.861
3649,2025-04-07 16:30:00+00:00,AVGO,call,0.4,2025-04-07 16:29:51+00:00,2025-04-11 00:00:00+00:00,151.36,157.5,167.5,10.0,3.11,2.215,181.5,10.0,6.89,2.215
3649,2025-04-07 16:30:00+00:00,AVGO,call,0.45,2025-04-07 16:29:51+00:00,2025-04-11 00:00:00+00:00,151.36,155.0,165.0,10.0,3.67,1.725,181.5,10.0,6.33,1.725
3649,2025-04-07 16:30:00+00:00,AVGO,call,0.5,2025-04-07 16:29:51+00:00,2025-04-11 00:00:00+00:00,151.36,152.5,165.0,12.5,4.92,1.541,181.5,12.5,7.58,1.541
3649,2025-04-07 16:30:00+00:00,AVGO,call,0.55,2025-04-07 16:29:51+00:00,2025-04-11 00:00:00+00:00,151.36,150.0,162.5,12.5,5.66,1.208,181.5,12.5,6.84,1.208
3649,2025-04-07 16:30:00+00:00,AVGO,call,0.6,2025-04-07 16:29:51+00:00,2025-04-11 00:00:00+00:00,151.36,148.0,162.5,14.5,6.91,1.098,181.5,14.5,7.59,1.098
3649,2025-04-07 16:30:00+00:00,AVGO,call,0.65,2025-04-07 16:29:51+00:00,2025-04-11 00:00:00+00:00,151.36,145.0,160.0,15.0,8.0,0.875,181.5,15.0,7.0,0.875
3650,2025-04-07 15:30:00+00:00,BAC,call,0.1,2025-04-07 15:29:57+00:00,2025-04-11 00:00:00+00:00,34.47,39.0,40.0,1.0,0.1,9.0,35.92,0.0,-0.1,-1.0
3650,2025-04-07 15:30:00+00:00,BAC,call,0.15,2025-04-07 15:29:57+00:00,2025-04-11 00:00:00+00:00,34.47,38.5,39.5,1.0,0.14,6.143,35.92,0.0,-0.14,-1.0
3650,2025-04-07 15:30:00+00:00,BAC,call,0.2,2025-04-07 15:29:57+00:00,2025-04-11 00:00:00+00:00,34.47,37.5,39.0,1.5,0.29,4.172,35.92,0.0,-0.29,-1.0
3650,2025-04-07 15:30:00+00:00,BAC,call,0.25,2025-04-07 15:29:57+00:00,2025-04-11 00:00:00+00:00,34.47,37.0,38.5,1.5,0.35,3.286,35.92,0.0,-0.35,-1.0
3650,2025-04-07 15:30:00+00:00,BAC,call,0.3,2025-04-07 15:29:57+00:00,2025-04-11 00:00:00+00:00,34.47,36.5,38.0,1.5,0.42,2.571,35.92,0.0,-0.42,-1.0
3650,2025-04-07 15:30:00+00:00,BAC,call,0.35,2025-04-07 15:29:57+00:00,2025-04-11 00:00:00+00:00,34.47,36.0,38.0,2.0,0.6,2.333,35.92,0.0,-0.6,-1.0
3650,2025-04-07 15:30:00+00:00,BAC,call,0.4,2025-04-07 15:29:57+00:00,2025-04-11 00:00:00+00:00,34.47,35.5,37.5,2.0,0.72,1.778,35.92,0.42,-0.3,-0.417
3650,2025-04-07 15:30:00+00:00,BAC,call,0.45,2025-04-07 15:29:57+00:00,2025-04-11 00:00:00+00:00,34.47,35.0,37.5,2.5,0.96,1.604,35.92,0.92,-0.04,-0.042
3650,2025-04-07 15:30:00+00:00,BAC,call,0.5,2025-04-07 15:29:57+00:00,2025-04-11 00:00:00+00:00,34.47,35.0,37.5,2.5,0.96,1.604,35.92,0.92,-0.04,-0.042
3650,2025-04-07 15:30:00+00:00,BAC,call,0.55,2025-04-07 15:29:57+00:00,2025-04-11 00:00:00+00:00,34.47,34.0,37.0,3.0,1.4,1.143,35.92,1.92,0.52,0.371
3650,2025-04-07 15:30:00+00:00,BAC,call,0.6,2025-04-07 15:29:57+00:00,2025-04-11 00:00:00+00:00,34.47,34.0,37.0,3.0,1.4,1.143,35.92,1.92,0.52,0.371
3650,2025-04-07 15:30:00+00:00,BAC,call,0.65,2025-04-07 15:29:57+00:00,2025-04-11 00:00:00+00:00,34.47,33.0,36.5,3.5,1.9,0.842,35.92,2.92,1.02,0.537
3651,2025-04-07 16:35:00+00:00,BILL,call,0.55,2025-04-07 16:34:45+00:00,2025-04-11 00:00:00+00:00,39.2,39.0,42.5,3.5,1.75,1.0,41.53,2.53,0.78,0.446
3653,2025-04-07 15:40:00+00:00,CAT,call,0.5,2025-04-07 15:39:51+00:00,2025-04-11 00:00:00+00:00,277.21,280.0,297.5,17.5,7.61,1.3,293.02,13.02,5.41,0.711
3653,2025-04-07 15:40:00+00:00,CAT,call,0.55,2025-04-07 15:39:51+00:00,2025-04-11 00:00:00+00:00,277.21,275.0,295.0,20.0,9.4,1.128,293.02,18.02,8.62,0.917
3657,2025-04-07 15:45:00+00:00,COIN,call,0.1,2025-04-07 15:44:59+00:00,2025-04-11 00:00:00+00:00,156.97,187.5,197.5,10.0,0.6,15.667,175.25,0.0,-0.6,-1.0
3657,2025-04-07 15:45:00+00:00,COIN,call,0.15,2025-04-07 15:44:59+00:00,2025-04-11 00:00:00+00:00,156.97,182.5,192.5,10.0,0.83,11.048,175.25,0.0,-0.83,-1.0
3657,2025-04-07 15:45:00+00:00,COIN,call,0.2,2025-04-07 15:44:59+00:00,2025-04-11 00:00:00+00:00,156.97,177.5,187.5,10.0,1.3,6.692,175.25,0.0,-1.3,-1.0
3657,2025-04-07 15:45:00+00:00,COIN,call,0.25,2025-04-07 15:44:59+00:00,2025-04-11 00:00:00+00:00,156.97,172.5,182.5,10.0,1.91,4.236,175.25,2.75,0.84,0.44
3657,2025-04-07 15:45:00+00:00,COIN,call,0.3,2025-04-07 15:44:59+00:00,2025-04-11 00:00:00+00:00,156.97,170.0,182.5,12.5,2.56,3.883,175.25,5.25,2.69,1.051
3657,2025-04-07 15:45:00+00:00,COIN,call,0.35,2025-04-07 15:44:59+00:00,2025-04-11 00:00:00+00:00,156.97,167.5,180.0,12.5,3.03,3.125,175.25,7.75,4.72,1.558
3657,2025-04-07 15:45:00+00:00,COIN,call,0.4,2025-04-07 15:44:59+00:00,2025-04-11 00:00:00+00:00,156.97,165.0,177.5,12.5,3.62,2.453,175.25,10.25,6.63,1.831
3657,2025-04-07 15:45:00+00:00,COIN,call,0.45,2025-04-07 15:44:59+00:00,2025-04-11 00:00:00+00:00,156.97,162.5,175.0,12.5,4.14,2.019,175.25,12.5,8.36,2.019
3657,2025-04-07 15:45:00+00:00,COIN,call,0.5,2025-04-07 15:44:59+00:00,2025-04-11 00:00:00+00:00,156.97,157.5,172.5,15.0,6.05,1.479,175.25,15.0,8.95,1.479
3657,2025-04-07 15:45:00+00:00,COIN,call,0.55,2025-04-07 15:44:59+00:00,2025-04-11 00:00:00+00:00,156.97,155.0,170.0,15.0,6.75,1.222,175.25,15.0,8.25,1.222
3657,2025-04-07 15:45:00+00:00,COIN,call,0.6,2025-04-07 15:44:59+00:00,2025-04-11 00:00:00+00:00,156.97,152.5,170.0,17.5,8.35,1.096,175.25,17.5,9.15,1.096
3657,2025-04-07 15:45:00+00:00,COIN,call,0.65,2025-04-07 15:44:59+00:00,2025-04-11 00:00:00+00:00,156.97,150.0,167.5,17.5,9.3,0.882,175.25,17.5,8.2,0.882
3661,2025-04-07 17:05:00+00:00,ELF,call,0.45,2025-04-07 17:04:55+00:00,2025-04-11 00:00:00+00:00,53.08,55.0,60.0,5.0,1.86,1.688,53.47,0.0,-1.86,-1.0
3661,2025-04-07 17:05:00+00:00,ELF,call,0.55,2025-04-07 17:04:55+00:00,2025-04-11 00:00:00+00:00,53.08,53.0,59.0,6.0,2.59,1.317,53.47,0.47,-2.12,-0.819
3661,2025-04-07 17:05:00+00:00,ELF,call,0.6,2025-04-07 17:04:55+00:00,2025-04-11 00:00:00+00:00,53.08,52.0,58.0,6.0,2.93,1.048,53.47,1.47,-1.46,-0.498
3661,2025-04-07 17:05:00+00:00,ELF,call,0.65,2025-04-07 17:04:55+00:00,2025-04-11 00:00:00+00:00,53.08,50.0,57.0,7.0,3.87,0.809,53.47,3.47,-0.4,-0.103
3662,2025-04-07 19:20:00+00:00,FANG,call,0.55,2025-04-07 19:19:51+00:00,2025-04-11 00:00:00+00:00,125.02,124.0,132.0,8.0,4.35,0.839,128.85,4.85,0.5,0.115
3664,2025-04-07 14:40:00+00:00,GM,call,0.45,2025-04-07 14:39:55+00:00,2025-04-11 00:00:00+00:00,42.37,43.0,45.5,2.5,1.02,1.451,43.6,0.6,-0.42,-0.412
3664,2025-04-07 14:40:00+00:00,GM,call,0.5,2025-04-07 14:39:55+00:00,2025-04-11 00:00:00+00:00,42.37,42.5,45.0,2.5,1.15,1.174,43.6,1.1,-0.05,-0.043
3664,2025-04-07 14:40:00+00:00,GM,call,0.55,2025-04-07 14:39:55+00:00,2025-04-11 00:00:00+00:00,42.37,42.0,45.0,3.0,1.44,1.083,43.6,1.6,0.16,0.111
3664,2025-04-07 14:40:00+00:00,GM,call,0.6,2025-04-07 14:39:55+00:00,2025-04-11 00:00:00+00:00,42.37,41.5,44.5,3.0,1.59,0.887,43.6,2.1,0.51,0.321
3664,2025-04-07 14:40:00+00:00,GM,call,0.65,2025-04-07 14:39:55+00:00,2025-04-11 00:00:00+00:00,42.37,41.0,44.5,3.5,1.92,0.823,43.6,2.6,0.68,0.354
3665,2025-04-07 15:20:00+00:00,GOOGL,call,0.1,2025-04-07 15:19:52+00:00,2025-04-11 00:00:00+00:00,145.44,160.0,165.0,5.0,0.42,10.905,156.97,0.0,-0.42,-1.0
3665,2025-04-07 15:20:00+00:00,GOOGL,call,0.15,2025-04-07 15:19:52+00:00,2025-04-11 00:00:00+00:00,145.44,157.5,162.5,5.0,0.64,6.813,156.97,0.0,-0.64,-1.0
3665,2025-04-07 15:20:00+00:00,GOOGL,call,0.2,2025-04-07 15:19:52+00:00,2025-04-11 00:00:00+00:00,145.44,155.0,160.0,5.0,0.93,4.376,156.97,1.97,1.04,1.118
3665,2025-04-07 15:20:00+00:00,GOOGL,call,0.25,2025-04-07 15:19:52+00:00,2025-04-11 00:00:00+00:00,145.44,152.5,157.5,5.0,1.33,2.759,156.97,4.47,3.14,2.361
3665,2025-04-07 15:20:00+00:00,GOOGL,call,0.3,2025-04-07 15:19:52+00:00,2025-04-11 00:00:00+00:00,145.44,152.5,157.5,5.0,1.33,2.759,156.97,4.47,3.14,2.361
3665,2025-04-07 15:20:00+00:00,GOOGL,call,0.35,2025-04-07 15:19:52+00:00,2025-04-11 00:00:00+00:00,145.44,150.0,155.0,5.0,1.79,1.793,156.97,5.0,3.21,1.793
3665,2025-04-07 15:20:00+00:00,GOOGL,call,0.4,2025-04-07 15:19:52+00:00,2025-04-11 00:00:00+00:00,145.44,149.0,155.0,6.0,2.19,1.74,156.97,6.0,3.81,1.74
3665,2025-04-07 15:20:00+00:00,GOOGL,call,0.45,2025-04-07 15:19:52+00:00,2025-04-11 00:00:00+00:00,145.44,148.0,155.0,7.0,2.69,1.602,156.97,7.0,4.31,1.602
3665,2025-04-07 15:20:00+00:00,GOOGL,call,0.5,2025-04-07 15:19:52+00:00,2025-04-11 00:00:00+00:00,145.44,146.0,152.5,6.5,3.05,1.131,156.97,6.5,3.45,1.131
3665,2025-04-07 15:20:00+00:00,GOOGL,call,0.55,2025-04-07 15:19:52+00:00,2025-04-11 00:00:00+00:00,145.44,145.0,152.5,7.5,3.6,1.083,156.97,7.5,3.9,1.083
3665,2025-04-07 15:20:00+00:00,GOOGL,call,0.6,2025-04-07 15:19:52+00:00,2025-04-11 00:00:00+00:00,145.44,143.0,152.5,9.5,4.8,0.979,156.97,9.5,4.7,0.979
3667,2025-04-07 14:35:00+00:00,LLY,call,0.3,2025-04-07 14:35:01+00:00,2025-04-11 00:00:00+00:00,717.11,750.0,780.0,30.0,8.45,2.55,732.36,0.0,-8.45,-1.0
3667,2025-04-07 14:35:00+00:00,LLY,call,0.4,2025-04-07 14:35:01+00:00,2025-04-11 00:00:00+00:00,717.11,735.0,770.0,35.0,12.35,1.834,732.36,0.0,-12.35,-1.0
3667,2025-04-07 14:35:00+00:00,LLY,call,0.45,2025-04-07 14:35:01+00:00,2025-04-11 00:00:00+00:00,717.11,727.5,765.0,37.5,14.75,1.542,732.36,4.86,-9.89,-0.671
3667,2025-04-07 14:35:00+00:00,LLY,call,0.5,2025-04-07 14:35:01+00:00,2025-04-11 00:00:00+00:00,717.11,720.0,760.0,40.0,17.15,1.332,732.36,12.36,-4.79,-0.279
3667,2025-04-07 14:35:00+00:00,LLY,call,0.55,2025-04-07 14:35:01+00:00,2025-04-11 00:00:00+00:00,717.11,712.5,755.0,42.5,20.55,1.068,732.36,19.86,-0.69,-0.034
3667,2025-04-07 14:35:00+00:00,LLY,call,0.6,2025-04-07 14:35:01+00:00,2025-04-11 00:00:00+00:00,717.11,705.0,750.0,45.0,23.2,0.94,732.36,27.36,4.16,0.179
3671,2025-04-07 15:45:00+00:00,META,call,0.1,2025-04-07 15:44:59+00:00,2025-04-11 00:00:00+00:00,516.07,580.0,600.0,20.0,1.27,14.748,543.28,0.0,-1.27,-1.0
3671,2025-04-07 15:45:00+00:00,META,call,0.15,2025-04-07 15:44:59+00:00,2025-04-11 00:00:00+00:00,516.07,567.5,587.5,20.0,2.13,8.39,543.28,0.0,-2.13,-1.0
3671,2025-04-07 15:45:00+00:00,META,call,0.2,2025-04-07 15:44:59+00:00,2025-04-11 00:00:00+00:00,516.07,557.5,577.5,20.0,3.1,5.452,543.28,0.0,-3.1,-1.0
3671,2025-04-07 15:45:00+00:00,META,call,0.25,2025-04-07 15:44:59+00:00,2025-04-11 00:00:00+00:00,516.07,550.0,572.5,22.5,4.39,4.125,543.28,0.0,-4.39,-1.0
3671,2025-04-07 15:45:00+00:00,META,call,0.3,2025-04-07 15:44:59+00:00,2025-04-11 00:00:00+00:00,516.07,545.0,567.5,22.5,5.2,3.327,543.28,0.0,-5.2,-1.0
3671,2025-04-07 15:45:00+00:00,META,call,0.35,2025-04-07 15:44:59+00:00,2025-04-11 00:00:00+00:00,516.07,537.5,562.5,25.0,6.95,2.597,543.28,5.78,-1.17,-0.168
3671,2025-04-07 15:45:00+00:00,META,call,0.4,2025-04-07 15:44:59+00:00,2025-04-11 00:00:00+00:00,516.07,532.5,560.0,27.5,8.5,2.235,543.28,10.78,2.28,0.268
3671,2025-04-07 15:45:00+00:00,META,call,0.45,2025-04-07 15:44:59+00:00,2025-04-11 00:00:00+00:00,516.07,525.0,555.0,30.0,10.8,1.778,543.28,18.28,7.48,0.693
3671,2025-04-07 15:45:00+00:00,META,call,0.5,2025-04-07 15:44:59+00:00,2025-04-11 00:00:00+00:00,516.07,517.5,550.0,32.5,13.45,1.416,543.28,25.78,12.33,0.917
3671,2025-04-07 15:45:00+00:00,META,call,0.55,2025-04-07 15:44:59+00:00,2025-04-11 00:00:00+00:00,516.07,512.5,547.5,35.0,15.65,1.236,543.28,30.78,15.13,0.967
3671,2025-04-07 15:45:00+00:00,META,call,0.6,2025-04-07 15:44:59+00:00,2025-04-11 00:00:00+00:00,516.07,505.0,545.0,40.0,19.5,1.051,543.28,38.28,18.78,0.963
3671,2025-04-07 15:45:00+00:00,META,call,0.65,2025-04-07 15:44:59+00:00,2025-04-11 00:00:00+00:00,516.07,497.5,540.0,42.5,22.85,0.86,543.28,42.5,19.65,0.86
3672,2025-04-07 17:30:00+00:00,MSTR,call,0.1,2025-04-07 17:30:01+00:00,2025-04-11 00:00:00+00:00,270.02,325.0,345.0,20.0,0.96,19.833,298.02,0.0,-0.96,-1.0
3672,2025-04-07 17:30:00+00:00,MSTR,call,0.15,2025-04-07 17:30:01+00:00,2025-04-11 00:00:00+00:00,270.02,312.5,332.5,20.0,1.77,10.299,298.02,0.0,-1.77,-1.0
3672,2025-04-07 17:30:00+00:00,MSTR,call,0.2,2025-04-07 17:30:01+00:00,2025-04-11 00:00:00+00:00,270.02,305.0,322.5,17.5,2.3,6.609,298.02,0.0,-2.3,-1.0
3672,2025-04-07 17:30:00+00:00,MSTR,call,0.25,2025-04-07 17:30:01+00:00,2025-04-11 00:00:00+00:00,270.02,300.0,317.5,17.5,2.86,5.119,298.02,0.0,-2.86,-1.0
3672,2025-04-07 17:30:00+00:00,MSTR,call,0.3,2025-04-07 17:30:01+00:00,2025-04-11 00:00:00+00:00,270.02,292.5,312.5,20.0,4.43,3.515,298.02,5.52,1.09,0.246
3672,2025-04-07 17:30:00+00:00,MSTR,call,0.35,2025-04-07 17:30:01+00:00,2025-04-11 00:00:00+00:00,270.02,287.5,307.5,20.0,5.2,2.846,298.02,10.52,5.32,1.023
3672,2025-04-07 17:30:00+00:00,MSTR,call,0.4,2025-04-07 17:30:01+00:00,2025-04-11 00:00:00+00:00,270.02,282.5,305.0,22.5,6.6,2.409,298.02,15.52,8.92,1.352
3672,2025-04-07 17:30:00+00:00,MSTR,call,0.45,2025-04-07 17:30:01+00:00,2025-04-11 00:00:00+00:00,270.02,277.5,302.5,25.0,8.25,2.03,298.02,20.52,12.27,1.487
3672,2025-04-07 17:30:00+00:00,MSTR,call,0.5,2025-04-07 17:30:01+00:00,2025-04-11 00:00:00+00:00,270.02,272.5,297.5,25.0,9.65,1.591,298.02,25.0,15.35,1.591
3672,2025-04-07 17:30:00+00:00,MSTR,call,0.55,2025-04-07 17:30:01+00:00,2025-04-11 00:00:00+00:00,270.02,267.5,295.0,27.5,11.6,1.371,298.02,27.5,15.9,1.371
3672,2025-04-07 17:30:00+00:00,MSTR,call,0.6,2025-04-07 17:30:01+00:00,2025-04-11 00:00:00+00:00,270.02,262.5,292.5,30.0,13.85,1.166,298.02,30.0,16.15,1.166
3672,2025-04-07 17:30:00+00:00,MSTR,call,0.65,2025-04-07 17:30:01+00:00,2025-04-11 00:00:00+00:00,270.02,257.5,290.0,32.5,16.45,0.976,298.02,32.5,16.05,0.976
3672,2025-04-07 17:30:00+00:00,MSTR,call,0.7,2025-04-07 17:30:01+00:00,2025-04-11 00:00:00+00:00,270.02,252.5,287.5,35.0,19.1,0.832,298.02,35.0,15.9,0.832
3673,2025-04-07 16:15:00+00:00,MU,call,0.1,2025-04-07 16:14:57+00:00,2025-04-11 00:00:00+00:00,65.86,79.0,84.0,5.0,0.27,17.519,69.52,0.0,-0.27,-1.0
3673,2025-04-07 16:15:00+00:00,MU,call,0.15,2025-04-07 16:14:57+00:00,2025-04-11 00:00:00+00:00,65.86,77.0,82.0,5.0,0.4,11.5,69.52,0.0,-0.4,-1.0
3673,2025-04-07 16:15:00+00:00,MU,call,0.2,2025-04-07 16:14:57+00:00,2025-04-11 00:00:00+00:00,65.86,75.0,80.0,5.0,0.6,7.333,69.52,0.0,-0.6,-1.0
3673,2025-04-07 16:15:00+00:00,MU,call,0.25,2025-04-07 16:14:57+00:00,2025-04-11 00:00:00+00:00,65.86,73.0,78.0,5.0,0.86,4.814,69.52,0.0,-0.86,-1.0
3673,2025-04-07 16:15:00+00:00,MU,call,0.3,2025-04-07 16:14:57+00:00,2025-04-11 00:00:00+00:00,65.86,72.0,77.0,5.0,1.02,3.902,69.52,0.0,-1.02,-1.0
3673,2025-04-07 16:15:00+00:00,MU,call,0.35,2025-04-07 16:14:57+00:00,2025-04-11 00:00:00+00:00,65.86,71.0,76.0,5.0,1.2,3.167,69.52,0.0,-1.2,-1.0
3673,2025-04-07 16:15:00+00:00,MU,call,0.4,2025-04-07 16:14:57+00:00,2025-04-11 00:00:00+00:00,65.86,69.0,75.0,6.0,1.78,2.371,69.52,0.52,-1.26,-0.708
3673,2025-04-07 16:15:00+00:00,MU,call,0.45,2025-04-07 16:14:57+00:00,2025-04-11 00:00:00+00:00,65.86,68.0,74.0,6.0,2.09,1.871,69.52,1.52,-0.57,-0.273
3673,2025-04-07 16:15:00+00:00,MU,call,0.5,2025-04-07 16:14:57+00:00,2025-04-11 00:00:00+00:00,65.86,67.0,73.0,6.0,2.31,1.597,69.52,2.52,0.21,0.091
3673,2025-04-07 16:15:00+00:00,MU,call,0.55,2025-04-07 16:14:57+00:00,2025-04-11 00:00:00+00:00,65.86,65.0,72.0,7.0,3.14,1.229,69.52,4.52,1.38,0.439
3673,2025-04-07 16:15:00+00:00,MU,call,0.6,2025-04-07 16:14:57+00:00,2025-04-11 00:00:00+00:00,65.86,64.0,72.0,8.0,3.74,1.139,69.52,5.52,1.78,0.476
3673,2025-04-07 16:15:00+00:00,MU,call,0.65,2025-04-07 16:14:57+00:00,2025-04-11 00:00:00+00:00,65.86,62.5,71.0,8.5,4.44,0.914,69.52,7.02,2.58,0.581
3673,2025-04-07 16:15:00+00:00,MU,call,0.7,2025-04-07 16:14:57+00:00,2025-04-11 00:00:00+00:00,65.86,61.0,71.0,10.0,5.44,0.838,69.52,8.52,3.08,0.566
3674,2025-04-07 14:35:00+00:00,NFLX,call,0.25,2025-04-07 14:34:59+00:00,2025-04-11 00:00:00+00:00,863.04,922.5,960.0,37.5,6.9,4.435,916.01,0.0,-6.9,-1.0
3674,2025-04-07 14:35:00+00:00,NFLX,call,0.3,2025-04-07 14:34:59+00:00,2025-04-11 00:00:00+00:00,863.04,910.0,950.0,40.0,9.3,3.301,916.01,6.01,-3.29,-0.354
3674,2025-04-07 14:35:00+00:00,NFLX,call,0.35,2025-04-07 14:34:59+00:00,2025-04-11 00:00:00+00:00,863.04,900.0,942.5,42.5,11.65,2.648,916.01,16.01,4.36,0.374
3674,2025-04-07 14:35:00+00:00,NFLX,call,0.4,2025-04-07 14:34:59+00:00,2025-04-11 00:00:00+00:00,863.04,890.0,935.0,45.0,14.25,2.158,916.01,26.01,11.76,0.825
3674,2025-04-07 14:35:00+00:00,NFLX,call,0.45,2025-04-07 14:34:59+00:00,2025-04-11 00:00:00+00:00,863.04,880.0,930.0,50.0,17.6,1.841,916.01,36.01,18.41,1.046
3674,2025-04-07 14:35:00+00:00,NFLX,call,0.5,2025-04-07 14:34:59+00:00,2025-04-11 00:00:00+00:00,863.04,870.0,922.5,52.5,21.2,1.476,916.01,46.01,24.81,1.17
3674,2025-04-07 14:35:00+00:00,NFLX,call,0.55,2025-04-07 14:34:59+00:00,2025-04-11 00:00:00+00:00,863.04,860.0,920.0,60.0,26.0,1.308,916.01,56.01,30.01,1.154
3674,2025-04-07 14:35:00+00:00,NFLX,call,0.6,2025-04-07 14:34:59+00:00,2025-04-11 00:00:00+00:00,863.04,850.0,915.0,65.0,30.75,1.114,916.01,65.0,34.25,1.114
3674,2025-04-07 14:35:00+00:00,NFLX,call,0.65,2025-04-07 14:34:59+00:00,2025-04-11 00:00:00+00:00,863.04,835.0,905.0,70.0,37.45,0.869,916.01,70.0,32.55,0.869
3677,2025-04-07 16:05:00+00:00,ON,call,0.5,2025-04-07 16:04:45+00:00,2025-04-11 00:00:00+00:00,34.09,34.0,37.0,3.0,1.44,1.083,35.0,1.0,-0.44,-0.306
3677,2025-04-07 16:05:00+00:00,ON,call,0.55,2025-04-07 16:04:45+00:00,2025-04-11 00:00:00+00:00,34.09,34.0,37.0,3.0,1.44,1.083,35.0,1.0,-0.44,-0.306
3677,2025-04-07 16:05:00+00:00,ON,call,0.6,2025-04-07 16:04:45+00:00,2025-04-11 00:00:00+00:00,34.09,33.0,37.0,4.0,2.06,0.942,35.0,2.0,-0.06,-0.029
3677,2025-04-07 16:05:00+00:00,ON,call,0.65,2025-04-07 16:04:45+00:00,2025-04-11 00:00:00+00:00,34.09,33.0,37.0,4.0,2.06,0.942,35.0,2.0,-0.06,-0.029
3678,2025-04-07 14:30:00+00:00,PYPL,call,0.55,2025-04-07 14:29:52+00:00,2025-04-11 00:00:00+00:00,58.11,58.0,61.0,3.0,1.49,1.013,62.62,3.0,1.51,1.013
3678,2025-04-07 14:30:00+00:00,PYPL,call,0.6,2025-04-07 14:29:52+00:00,2025-04-11 00:00:00+00:00,58.11,57.0,61.0,4.0,2.09,0.914,62.62,4.0,1.91,0.914
3678,2025-04-07 14:30:00+00:00,PYPL,call,0.65,2025-04-07 14:29:52+00:00,2025-04-11 00:00:00+00:00,58.11,57.0,61.0,4.0,2.09,0.914,62.62,4.0,1.91,0.914
3680,2025-04-07 16:30:00+00:00,SHOP,call,0.1,2025-04-07 16:29:49+00:00,2025-04-11 00:00:00+00:00,78.2,95.0,100.0,5.0,0.35,13.286,83.6,0.0,-0.35,-1.0
3680,2025-04-07 16:30:00+00:00,SHOP,call,0.15,2025-04-07 16:29:49+00:00,2025-04-11 00:00:00+00:00,78.2,92.0,97.0,5.0,0.53,8.434,83.6,0.0,-0.53,-1.0
3680,2025-04-07 16:30:00+00:00,SHOP,call,0.2,2025-04-07 16:29:49+00:00,2025-04-11 00:00:00+00:00,78.2,90.0,95.0,5.0,0.7,6.143,83.6,0.0,-0.7,-1.0
3680,2025-04-07 16:30:00+00:00,SHOP,call,0.25,2025-04-07 16:29:49+00:00,2025-04-11 00:00:00+00:00,78.2,88.0,94.0,6.0,1.03,4.825,83.6,0.0,-1.03,-1.0
3680,2025-04-07 16:30:00+00:00,SHOP,call,0.3,2025-04-07 16:29:49+00:00,2025-04-11 00:00:00+00:00,78.2,86.0,92.0,6.0,1.34,3.478,83.6,0.0,-1.34,-1.0
3680,2025-04-07 16:30:00+00:00,SHOP,call,0.35,2025-04-07 16:29:49+00:00,2025-04-11 00:00:00+00:00,78.2,84.0,91.0,7.0,1.91,2.665,83.6,0.0,-1.91,-1.0
3680,2025-04-07 16:30:00+00:00,SHOP,call,0.4,2025-04-07 16:29:49+00:00,2025-04-11 00:00:00+00:00,78.2,83.0,90.0,7.0,2.05,2.415,83.6,0.6,-1.45,-0.707
3680,2025-04-07 16:30:00+00:00,SHOP,call,0.45,2025-04-07 16:29:49+00:00,2025-04-11 00:00:00+00:00,78.2,81.0,89.0,8.0,2.7,1.963,83.6,2.6,-0.1,-0.037
3680,2025-04-07 16:30:00+00:00,SHOP,call,0.5,2025-04-07 16:29:49+00:00,2025-04-11 00:00:00+00:00,78.2,79.0,87.0,8.0,3.27,1.446,83.6,4.6,1.33,0.407
3680,2025-04-07 16:30:00+00:00,SHOP,call,0.55,2025-04-07 16:29:49+00:00,2025-04-11 00:00:00+00:00,78.2,78.0,87.0,9.0,3.92,1.296,83.6,5.6,1.68,0.429
3680,2025-04-07 16:30:00+00:00,SHOP,call,0.6,2025-04-07 16:29:49+00:00,2025-04-11 00:00:00+00:00,78.2,76.0,86.0,10.0,4.71,1.123,83.6,7.6,2.89,0.614
3680,2025-04-07 16:30:00+00:00,SHOP,call,0.65,2025-04-07 16:29:49+00:00,2025-04-11 00:00:00+00:00,78.2,74.0,85.0,11.0,5.74,0.916,83.6,9.6,3.86,0.672
3690,2025-04-07 15:20:00+00:00,XLE,call,0.5,2025-04-07 15:19:59+00:00,2025-04-11 00:00:00+00:00,77.27,77.5,82.0,4.5,1.93,1.332,79.35,1.85,-0.08,-0.041
3690,2025-04-07 15:20:00+00:00,XLE,call,0.55,2025-04-07 15:19:59+00:00,2025-04-11 00:00:00+00:00,77.27,77.0,81.0,4.0,2.05,0.951,79.35,2.35,0.3,0.146
3691,2025-04-07 19:20:00+00:00,XLI,call,0.55,2025-04-07 19:19:57+00:00,2025-04-11 00:00:00+00:00,117.17,117.0,123.0,6.0,3.01,0.993,123.7,6.0,2.99,0.993
3693,2025-04-08 15:45:00+00:00,ABNB,call,0.4,2025-04-08 15:44:58+00:00,2025-04-11 00:00:00+00:00,110.09,112.0,116.0,4.0,1.65,1.424,114.56,2.56,0.91,0.552
3693,2025-04-08 15:45:00+00:00,ABNB,call,0.45,2025-04-08 15:44:58+00:00,2025-04-11 00:00:00+00:00,110.09,111.0,115.0,4.0,1.84,1.174,114.56,3.56,1.72,0.935
3693,2025-04-08 15:45:00+00:00,ABNB,call,0.5,2025-04-08 15:44:58+00:00,2025-04-11 00:00:00+00:00,110.09,110.0,115.0,5.0,2.29,1.183,114.56,4.56,2.27,0.991
3693,2025-04-08 15:45:00+00:00,ABNB,call,0.55,2025-04-08 15:44:58+00:00,2025-04-11 00:00:00+00:00,110.09,109.0,114.0,5.0,2.67,0.873,114.56,5.0,2.33,0.873
3693,2025-04-08 15:45:00+00:00,ABNB,call,0.6,2025-04-08 15:44:58+00:00,2025-04-11 00:00:00+00:00,110.09,108.0,114.0,6.0,3.32,0.807,114.56,6.0,2.68,0.807
3694,2025-04-08 19:25:00+00:00,ADSK,call,0.5,2025-04-08 19:24:56+00:00,2025-04-11 00:00:00+00:00,239.34,240.0,250.0,10.0,5.3,0.887,258.49,10.0,4.7,0.887
3695,2025-04-08 19:30:00+00:00,AFRM,call,0.1,2025-04-08 19:29:42+00:00,2025-04-11 00:00:00+00:00,36.53,44.0,46.0,2.0,0.14,13.286,40.52,0.0,-0.14,-1.0
3695,2025-04-08 19:30:00+00:00,AFRM,call,0.15,2025-04-08 19:29:42+00:00,2025-04-11 00:00:00+00:00,36.53,42.5,45.0,2.5,0.28,7.929,40.52,0.0,-0.28,-1.0
3695,2025-04-08 19:30:00+00:00,AFRM,call,0.2,2025-04-08 19:29:42+00:00,2025-04-11 00:00:00+00:00,36.53,41.5,44.0,2.5,0.38,5.579,40.52,0.0,-0.38,-1.0
3695,2025-04-08 19:30:00+00:00,AFRM,call,0.25,2025-04-08 19:29:42+00:00,2025-04-11 00:00:00+00:00,36.53,40.5,43.0,2.5,0.51,3.902,40.52,0.02,-0.49,-0.961
3695,2025-04-08 19:30:00+00:00,AFRM,call,0.3,2025-04-08 19:29:42+00:00,2025-04-11 00:00:00+00:00,36.53,39.5,42.5,3.0,0.75,3.0,40.52,1.02,0.27,0.36
3695,2025-04-08 19:30:00+00:00,AFRM,call,0.35,2025-04-08 19:29:42+00:00,2025-04-11 00:00:00+00:00,36.53,39.0,42.0,3.0,0.82,2.659,40.52,1.52,0.7,0.854
3695,2025-04-08 19:30:00+00:00,AFRM,call,0.4,2025-04-08 19:29:42+00:00,2025-04-11 00:00:00+00:00,36.53,38.5,41.5,3.0,0.93,2.226,40.52,2.02,1.09,1.172
3695,2025-04-08 19:30:00+00:00,AFRM,call,0.45,2025-04-08 19:29:42+00:00,2025-04-11 00:00:00+00:00,36.53,37.5,41.0,3.5,1.27,1.756,40.52,3.02,1.75,1.378
3695,2025-04-08 19:30:00+00:00,AFRM,call,0.5,2025-04-08 19:29:42+00:00,2025-04-11 00:00:00+00:00,36.53,37.0,40.5,3.5,1.38,1.536,40.52,3.5,2.12,1.536
3695,2025-04-08 19:30:00+00:00,AFRM,call,0.55,2025-04-08 19:29:42+00:00,2025-04-11 00:00:00+00:00,36.53,36.5,40.5,4.0,1.63,1.454,40.52,4.0,2.37,1.454
3695,2025-04-08 19:30:00+00:00,AFRM,call,0.6,2025-04-08 19:29:42+00:00,2025-04-11 00:00:00+00:00,36.53,35.5,39.5,4.0,1.91,1.094,40.52,4.0,2.09,1.094
3695,2025-04-08 19:30:00+00:00,AFRM,call,0.65,2025-04-08 19:29:42+00:00,2025-04-11 00:00:00+00:00,36.53,35.0,39.5,4.5,2.21,1.036,40.52,4.5,2.29,1.036
3695,2025-04-08 19:30:00+00:00,AFRM,call,0.7,2025-04-08 19:29:42+00:00,2025-04-11 00:00:00+00:00,36.53,34.0,39.0,5.0,2.7,0.852,40.52,5.0,2.3,0.852
3697,2025-04-08 15:40:00+00:00,ALGN,call,0.5,2025-04-08 15:39:55+00:00,2025-04-11 00:00:00+00:00,154.53,155.0,162.5,7.5,3.45,1.174,164.35,7.5,4.05,1.174
3697,2025-04-08 15:40:00+00:00,ALGN,call,0.55,2025-04-08 15:39:55+00:00,2025-04-11 00:00:00+00:00,154.53,152.5,162.5,10.0,4.85,1.062,164.35,10.0,5.15,1.062
3697,2025-04-08 15:40:00+00:00,ALGN,call,0.6,2025-04-08 15:39:55+00:00,2025-04-11 00:00:00+00:00,154.53,152.5,162.5,10.0,4.85,1.062,164.35,10.0,5.15,1.062
3698,2025-04-08 19:30:00+00:00,AMAT,call,0.4,2025-04-08 19:29:47+00:00,2025-04-11 00:00:00+00:00,130.39,134.0,141.0,7.0,2.51,1.789,144.94,7.0,4.49,1.789
3698,2025-04-08 19:30:00+00:00,AMAT,call,0.45,2025-04-08 19:29:47+00:00,2025-04-11 00:00:00+00:00,130.39,133.0,140.0,7.0,2.77,1.527,144.94,7.0,4.23,1.527
3698,2025-04-08 19:30:00+00:00,AMAT,call,0.5,2025-04-08 19:29:47+00:00,2025-04-11 00:00:00+00:00,130.39,131.0,139.0,8.0,3.64,1.198,144.94,8.0,4.36,1.198
3698,2025-04-08 19:30:00+00:00,AMAT,call,0.55,2025-04-08 19:29:47+00:00,2025-04-11 00:00:00+00:00,130.39,129.0,138.0,9.0,4.63,0.944,144.94,9.0,4.37,0.944
3698,2025-04-08 19:30:00+00:00,AMAT,call,0.6,2025-04-08 19:29:47+00:00,2025-04-11 00:00:00+00:00,130.39,128.0,137.0,9.0,4.8,0.875,144.94,9.0,4.2,0.875
3699,2025-04-08 19:30:00+00:00,AVGO,call,0.1,2025-04-08 19:29:58+00:00,2025-04-11 00:00:00+00:00,156.27,177.5,182.5,5.0,0.31,15.129,181.5,4.0,3.69,11.903
3699,2025-04-08 19:30:00+00:00,AVGO,call,0.15,2025-04-08 19:29:58+00:00,2025-04-11 00:00:00+00:00,156.27,172.5,177.5,5.0,0.6,7.333,181.5,5.0,4.4,7.333
3699,2025-04-08 19:30:00+00:00,AVGO,call,0.2,2025-04-08 19:29:58+00:00,2025-04-11 00:00:00+00:00,156.27,170.0,177.5,7.5,1.06,6.075,181.5,7.5,6.44,6.075
3699,2025-04-08 19:30:00+00:00,AVGO,call,0.25,2025-04-08 19:29:58+00:00,2025-04-11 00:00:00+00:00,156.27,167.5,175.0,7.5,1.43,4.245,181.5,7.5,6.07,4.245
3699,2025-04-08 19:30:00+00:00,AVGO,call,0.3,2025-04-08 19:29:58+00:00,2025-04-11 00:00:00+00:00,156.27,165.0,172.5,7.5,1.86,3.032,181.5,7.5,5.64,3.032
3699,2025-04-08 19:30:00+00:00,AVGO,call,0.35,2025-04-08 19:29:58+00:00,2025-04-11 00:00:00+00:00,156.27,162.5,170.0,7.5,2.31,2.247,181.5,7.5,5.19,2.247
3699,2025-04-08 19:30:00+00:00,AVGO,call,0.4,2025-04-08 19:29:58+00:00,2025-04-11 00:00:00+00:00,156.27,162.5,170.0,7.5,2.31,2.247,181.5,7.5,5.19,2.247
3699,2025-04-08 19:30:00+00:00,AVGO,call,0.45,2025-04-08 19:29:58+00:00,2025-04-11 00:00:00+00:00,156.27,160.0,170.0,10.0,3.41,1.933,181.5,10.0,6.59,1.933
3699,2025-04-08 19:30:00+00:00,AVGO,call,0.5,2025-04-08 19:29:58+00:00,2025-04-11 00:00:00+00:00,156.27,157.5,167.5,10.0,4.09,1.445,181.5,10.0,5.91,1.445
3699,2025-04-08 19:30:00+00:00,AVGO,call,0.55,2025-04-08 19:29:58+00:00,2025-04-11 00:00:00+00:00,156.27,155.0,167.5,12.5,5.49,1.277,181.5,12.5,7.01,1.277
3699,2025-04-08 19:30:00+00:00,AVGO,call,0.6,2025-04-08 19:29:58+00:00,2025-04-11 00:00:00+00:00,156.27,152.5,165.0,12.5,6.3,0.984,181.5,12.5,6.2,0.984
3699,2025-04-08 19:30:00+00:00,AVGO,call,0.65,2025-04-08 19:29:58+00:00,2025-04-11 00:00:00+00:00,156.27,150.0,165.0,15.0,8.0,0.875,181.5,15.0,7.0,0.875
3700,2025-04-08 16:50:00+00:00,BMY,call,0.25,2025-04-08 16:49:45+00:00,2025-04-11 00:00:00+00:00,53.67,55.0,56.0,1.0,0.36,1.778,50.7,0.0,-0.36,-1.0
3700,2025-04-08 16:50:00+00:00,BMY,call,0.3,2025-04-08 16:49:45+00:00,2025-04-11 00:00:00+00:00,53.67,55.0,56.0,1.0,0.36,1.778,50.7,0.0,-0.36,-1.0
3700,2025-04-08 16:50:00+00:00,BMY,call,0.35,2025-04-08 16:49:45+00:00,2025-04-11 00:00:00+00:00,53.67,55.0,56.0,1.0,0.36,1.778,50.7,0.0,-0.36,-1.0
3701,2025-04-08 17:05:00+00:00,BSX,call,0.5,2025-04-08 17:04:59+00:00,2025-04-11 00:00:00+00:00,91.76,92.0,95.0,3.0,1.6,0.875,93.48,1.48,-0.12,-0.075
3702,2025-04-08 16:50:00+00:00,C,call,0.1,2025-04-08 16:50:00+00:00,2025-04-11 00:00:00+00:00,60.34,67.0,69.0,2.0,0.12,15.667,61.58,0.0,-0.12,-1.0
3702,2025-04-08 16:50:00+00:00,C,call,0.15,2025-04-08 16:50:00+00:00,2025-04-11 00:00:00+00:00,60.34,65.0,67.0,2.0,0.28,6.143,61.58,0.0,-0.28,-1.0
3702,2025-04-08 16:50:00+00:00,C,call,0.2,2025-04-08 16:50:00+00:00,2025-04-11 00:00:00+00:00,60.34,65.0,67.0,2.0,0.28,6.143,61.58,0.0,-0.28,-1.0
3702,2025-04-08 16:50:00+00:00,C,call,0.25,2025-04-08 16:50:00+00:00,2025-04-11 00:00:00+00:00,60.34,64.0,66.0,2.0,0.4,4.0,61.58,0.0,-0.4,-1.0
3702,2025-04-08 16:50:00+00:00,C,call,0.3,2025-04-08 16:50:00+00:00,2025-04-11 00:00:00+00:00,60.34,63.0,65.0,2.0,0.54,2.704,61.58,0.0,-0.54,-1.0
3702,2025-04-08 16:50:00+00:00,C,call,0.35,2025-04-08 16:50:00+00:00,2025-04-11 00:00:00+00:00,60.34,63.0,65.0,2.0,0.54,2.704,61.58,0.0,-0.54,-1.0
3702,2025-04-08 16:50:00+00:00,C,call,0.4,2025-04-08 16:50:00+00:00,2025-04-11 00:00:00+00:00,60.34,62.0,65.0,3.0,0.93,2.226,61.58,0.0,-0.93,-1.0
3702,2025-04-08 16:50:00+00:00,C,call,0.45,2025-04-08 16:50:00+00:00,2025-04-11 00:00:00+00:00,60.34,61.0,64.0,3.0,1.18,1.542,61.58,0.58,-0.6,-0.508
3702,2025-04-08 16:50:00+00:00,C,call,0.5,2025-04-08 16:50:00+00:00,2025-04-11 00:00:00+00:00,60.34,61.0,64.0,3.0,1.18,1.542,61.58,0.58,-0.6,-0.508
3702,2025-04-08 16:50:00+00:00,C,call,0.55,2025-04-08 16:50:00+00:00,2025-04-11 00:00:00+00:00,60.34,60.0,64.0,4.0,1.75,1.286,61.58,1.58,-0.17,-0.097
3702,2025-04-08 16:50:00+00:00,C,call,0.6,2025-04-08 16:50:00+00:00,2025-04-11 00:00:00+00:00,60.34,59.0,63.0,4.0,2.07,0.932,61.58,2.58,0.51,0.246
3702,2025-04-08 16:50:00+00:00,C,call,0.65,2025-04-08 16:50:00+00:00,2025-04-11 00:00:00+00:00,60.34,59.0,63.0,4.0,2.07,0.932,61.58,2.58,0.51,0.246
3702,2025-04-08 16:50:00+00:00,C,call,0.7,2025-04-08 16:50:00+00:00,2025-04-11 00:00:00+00:00,60.34,58.0,63.0,5.0,2.75,0.818,61.58,3.58,0.83,0.302
3703,2025-04-08 15:40:00+00:00,CAT,call,0.35,2025-04-08 15:39:57+00:00,2025-04-11 00:00:00+00:00,282.34,290.0,297.5,7.5,2.35,2.191,293.02,3.02,0.67,0.285
3703,2025-04-08 15:40:00+00:00,CAT,call,0.4,2025-04-08 15:39:57+00:00,2025-04-11 00:00:00+00:00,282.34,287.5,297.5,10.0,3.35,1.985,293.02,5.52,2.17,0.648
3703,2025-04-08 15:40:00+00:00,CAT,call,0.45,2025-04-08 15:39:57+00:00,2025-04-11 00:00:00+00:00,282.34,285.0,295.0,10.0,4.12,1.427,293.02,8.02,3.9,0.947
3703,2025-04-08 15:40:00+00:00,CAT,call,0.5,2025-04-08 15:39:57+00:00,2025-04-11 00:00:00+00:00,282.34,282.5,295.0,12.5,5.52,1.264,293.02,10.52,5.0,0.906
3703,2025-04-08 15:40:00+00:00,CAT,call,0.55,2025-04-08 15:39:57+00:00,2025-04-11 00:00:00+00:00,282.34,280.0,292.5,12.5,6.38,0.959,293.02,12.5,6.12,0.959
3703,2025-04-08 15:40:00+00:00,CAT,call,0.6,2025-04-08 15:39:57+00:00,2025-04-11 00:00:00+00:00,282.34,277.5,292.5,15.0,7.98,0.88,293.02,15.0,7.02,0.88
3704,2025-04-08 18:35:00+00:00,DASH,call,0.4,2025-04-08 18:34:47+00:00,2025-04-11 00:00:00+00:00,168.75,172.5,180.0,7.5,3.03,1.475,180.31,7.5,4.47,1.475
3704,2025-04-08 18:35:00+00:00,DASH,call,0.45,2025-04-08 18:34:47+00:00,2025-04-11 00:00:00+00:00,168.75,170.0,177.5,7.5,3.7,1.027,180.31,7.5,3.8,1.027
3704,2025-04-08 18:35:00+00:00,DASH,call,0.5,2025-04-08 18:34:47+00:00,2025-04-11 00:00:00+00:00,168.75,170.0,177.5,7.5,3.7,1.027,180.31,7.5,3.8,1.027
3706,2025-04-08 19:55:00+00:00,DELL,call,0.45,2025-04-08 19:54:43+00:00,2025-04-11 00:00:00+00:00,72.35,74.0,80.0,6.0,2.33,1.575,81.8,6.0,3.67,1.575
3706,2025-04-08 19:55:00+00:00,DELL,call,0.5,2025-04-08 19:54:43+00:00,2025-04-11 00:00:00+00:00,72.35,73.0,79.0,6.0,2.66,1.256,81.8,6.0,3.34,1.256
3706,2025-04-08 19:55:00+00:00,DELL,call,0.55,2025-04-08 19:54:43+00:00,2025-04-11 00:00:00+00:00,72.35,72.0,78.0,6.0,2.94,1.041,81.8,6.0,3.06,1.041
3706,2025-04-08 19:55:00+00:00,DELL,call,0.6,2025-04-08 19:54:43+00:00,2025-04-11 00:00:00+00:00,72.35,70.0,78.0,8.0,4.19,0.909,81.8,8.0,3.81,0.909
3707,2025-04-08 17:45:00+00:00,DHR,call,0.55,2025-04-02 14:04:50+00:00,2025-04-04 00:00:00+00:00,201.31,200.0,205.0,5.0,2.65,0.887,181.88,0.0,-2.65,-1.0
3707,2025-04-08 17:45:00+00:00,DHR,call,0.6,2025-04-02 14:04:50+00:00,2025-04-04 00:00:00+00:00,201.31,200.0,205.0,5.0,2.65,0.887,181.88,0.0,-2.65,-1.0
3708,2025-04-08 15:45:00+00:00,DIS,call,0.1,2025-04-08 15:44:45+00:00,2025-04-11 00:00:00+00:00,85.17,91.0,93.0,2.0,0.16,11.5,84.84,0.0,-0.16,-1.0
3708,2025-04-08 15:45:00+00:00,DIS,call,0.15,2025-04-08 15:44:45+00:00,2025-04-11 00:00:00+00:00,85.17,90.0,92.0,2.0,0.23,7.696,84.84,0.0,-0.23,-1.0
3708,2025-04-08 15:45:00+00:00,DIS,call,0.2,2025-04-08 15:44:45+00:00,2025-04-11 00:00:00+00:00,85.17,89.0,91.0,2.0,0.36,4.556,84.84,0.0,-0.36,-1.0
3708,2025-04-08 15:45:00+00:00,DIS,call,0.25,2025-04-08 15:44:45+00:00,2025-04-11 00:00:00+00:00,85.17,88.0,90.0,2.0,0.51,2.922,84.84,0.0,-0.51,-1.0
3708,2025-04-08 15:45:00+00:00,DIS,call,0.3,2025-04-08 15:44:45+00:00,2025-04-11 00:00:00+00:00,85.17,88.0,90.0,2.0,0.51,2.922,84.84,0.0,-0.51,-1.0
3708,2025-04-08 15:45:00+00:00,DIS,call,0.35,2025-04-08 15:44:45+00:00,2025-04-11 00:00:00+00:00,85.17,87.0,90.0,3.0,0.89,2.371,84.84,0.0,-0.89,-1.0
3708,2025-04-08 15:45:00+00:00,DIS,call,0.4,2025-04-08 15:44:45+00:00,2025-04-11 00:00:00+00:00,85.17,87.0,90.0,3.0,0.89,2.371,84.84,0.0,-0.89,-1.0
3708,2025-04-08 15:45:00+00:00,DIS,call,0.45,2025-04-08 15:44:45+00:00,2025-04-11 00:00:00+00:00,85.17,86.0,89.0,3.0,1.15,1.609,84.84,0.0,-1.15,-1.0
3708,2025-04-08 15:45:00+00:00,DIS,call,0.5,2025-04-08 15:44:45+00:00,2025-04-11 00:00:00+00:00,85.17,85.0,88.0,3.0,1.43,1.098,84.84,0.0,-1.43,-1.0
3708,2025-04-08 15:45:00+00:00,DIS,call,0.55,2025-04-08 15:44:45+00:00,2025-04-11 00:00:00+00:00,85.17,85.0,88.0,3.0,1.43,1.098,84.84,0.0,-1.43,-1.0
3708,2025-04-08 15:45:00+00:00,DIS,call,0.6,2025-04-08 15:44:45+00:00,2025-04-11 00:00:00+00:00,85.17,84.0,88.0,4.0,2.06,0.942,84.84,0.84,-1.22,-0.592
3709,2025-04-08 17:40:00+00:00,DKNG,call,0.2,2025-04-08 17:39:47+00:00,2025-04-11 00:00:00+00:00,32.28,35.0,36.0,1.0,0.18,4.556,34.26,0.0,-0.18,-1.0
3709,2025-04-08 17:40:00+00:00,DKNG,call,0.3,2025-04-08 17:39:47+00:00,2025-04-11 00:00:00+00:00,32.28,34.0,35.5,1.5,0.4,2.75,34.26,0.26,-0.14,-0.35
3709,2025-04-08 17:40:00+00:00,DKNG,call,0.35,2025-04-08 17:39:47+00:00,2025-04-11 00:00:00+00:00,32.28,33.5,35.0,1.5,0.5,2.0,34.26,0.76,0.26,0.52
3709,2025-04-08 17:40:00+00:00,DKNG,call,0.4,2025-04-08 17:39:47+00:00,2025-04-11 00:00:00+00:00,32.28,33.0,35.0,2.0,0.72,1.778,34.26,1.26,0.54,0.75
3709,2025-04-08 17:40:00+00:00,DKNG,call,0.45,2025-04-08 17:39:47+00:00,2025-04-11 00:00:00+00:00,32.28,33.0,35.0,2.0,0.72,1.778,34.26,1.26,0.54,0.75
3709,2025-04-08 17:40:00+00:00,DKNG,call,0.5,2025-04-08 17:39:47+00:00,2025-04-11 00:00:00+00:00,32.28,32.5,34.5,2.0,0.86,1.326,34.26,1.76,0.9,1.047
3709,2025-04-08 17:40:00+00:00,DKNG,call,0.55,2025-04-08 17:39:47+00:00,2025-04-11 00:00:00+00:00,32.28,32.0,34.0,2.0,0.99,1.02,34.26,2.0,1.01,1.02
3709,2025-04-08 17:40:00+00:00,DKNG,call,0.6,2025-04-08 17:39:47+00:00,2025-04-11 00:00:00+00:00,32.28,31.5,34.0,2.5,1.32,0.894,34.26,2.5,1.18,0.894
3710,2025-04-08 16:45:00+00:00,DKS,call,0.55,2025-04-08 16:45:05+00:00,2025-04-11 00:00:00+00:00,173.53,172.5,185.0,12.5,6.5,0.923,185.92,12.5,6.0,0.923
3711,2025-04-08 18:05:00+00:00,ELF,call,0.3,2025-04-08 18:04:45+00:00,2025-04-11 00:00:00+00:00,51.81,56.0,59.0,3.0,0.71,3.225,53.47,0.0,-0.71,-1.0
3711,2025-04-08 18:05:00+00:00,ELF,call,0.35,2025-04-08 18:04:45+00:00,2025-04-11 00:00:00+00:00,51.81,55.0,58.0,3.0,0.9,2.333,53.47,0.0,-0.9,-1.0
3711,2025-04-08 18:05:00+00:00,ELF,call,0.4,2025-04-08 18:04:45+00:00,2025-04-11 00:00:00+00:00,51.81,54.0,58.0,4.0,1.29,2.101,53.47,0.0,-1.29,-1.0
3711,2025-04-08 18:05:00+00:00,ELF,call,0.45,2025-04-08 18:04:45+00:00,2025-04-11 00:00:00+00:00,51.81,53.0,57.0,4.0,1.54,1.597,53.47,0.47,-1.07,-0.695
3711,2025-04-08 18:05:00+00:00,ELF,call,0.5,2025-04-08 18:04:45+00:00,2025-04-11 00:00:00+00:00,51.81,52.0,56.0,4.0,1.77,1.26,53.47,1.47,-0.3,-0.169
3711,2025-04-08 18:05:00+00:00,ELF,call,0.55,2025-04-08 18:04:45+00:00,2025-04-11 00:00:00+00:00,51.81,52.0,56.0,4.0,1.77,1.26,53.47,1.47,-0.3,-0.169
3711,2025-04-08 18:05:00+00:00,ELF,call,0.6,2025-04-08 18:04:45+00:00,2025-04-11 00:00:00+00:00,51.81,51.0,56.0,5.0,2.34,1.137,53.47,2.47,0.13,0.056
3711,2025-04-08 18:05:00+00:00,ELF,call,0.65,2025-04-08 18:04:45+00:00,2025-04-11 00:00:00+00:00,51.81,49.5,55.0,5.5,2.98,0.846,53.47,3.97,0.99,0.332
3712,2025-04-08 15:40:00+00:00,ETN,call,0.4,2025-04-08 15:39:42+00:00,2025-04-11 00:00:00+00:00,260.65,265.0,275.0,10.0,4.15,1.41,277.13,10.0,5.85,1.41
3713,2025-04-08 19:30:00+00:00,EXPE,call,0.55,2025-04-08 19:29:47+00:00,2025-04-11 00:00:00+00:00,136.95,136.0,146.0,10.0,5.34,0.873,150.38,10.0,4.66,0.873
3713,2025-04-08 19:30:00+00:00,EXPE,call,0.6,2025-04-08 19:29:47+00:00,2025-04-11 00:00:00+00:00,136.95,134.0,145.0,11.0,6.03,0.824,150.38,11.0,4.97,0.824
3715,2025-04-08 18:00:00+00:00,GE,call,0.35,2025-04-08 17:59:51+00:00,2025-04-11 00:00:00+00:00,171.1,175.0,182.5,7.5,2.51,1.988,181.37,6.37,3.86,1.538
3715,2025-04-08 18:00:00+00:00,GE,call,0.4,2025-04-08 17:59:51+00:00,2025-04-11 00:00:00+00:00,171.1,175.0,182.5,7.5,2.51,1.988,181.37,6.37,3.86,1.538
3716,2025-04-08 16:30:00+00:00,IRM,call,0.5,2025-04-08 16:29:44+00:00,2025-04-11 00:00:00+00:00,80.19,80.0,83.0,3.0,1.6,0.875,82.14,2.14,0.54,0.338
3716,2025-04-08 16:30:00+00:00,IRM,call,0.55,2025-04-08 16:29:44+00:00,2025-04-11 00:00:00+00:00,80.19,80.0,83.0,3.0,1.6,0.875,82.14,2.14,0.54,0.338
3717,2025-04-08 17:45:00+00:00,KKR,call,0.55,2025-04-08 17:44:49+00:00,2025-04-11 00:00:00+00:00,97.87,97.0,104.0,7.0,3.75,0.867,101.48,4.48,0.73,0.195
3718,2025-04-08 17:10:00+00:00,LI,call,0.45,2025-04-08 17:09:48+00:00,2025-04-11 00:00:00+00:00,19.62,20.0,21.5,1.5,0.57,1.632,23.23,1.5,0.93,1.632
3718,2025-04-08 17:10:00+00:00,LI,call,0.5,2025-04-08 17:09:48+00:00,2025-04-11 00:00:00+00:00,19.62,20.0,21.5,1.5,0.57,1.632,23.23,1.5,0.93,1.632
3718,2025-04-08 17:10:00+00:00,LI,call,0.55,2025-04-08 17:09:48+00:00,2025-04-11 00:00:00+00:00,19.62,19.5,21.0,1.5,0.75,1.0,23.23,1.5,0.75,1.0
3718,2025-04-08 17:10:00+00:00,LI,call,0.6,2025-04-08 17:09:48+00:00,2025-04-11 00:00:00+00:00,19.62,19.0,21.0,2.0,1.0,1.0,23.23,2.0,1.0,1.0
3718,2025-04-08 17:10:00+00:00,LI,call,0.65,2025-04-08 17:09:48+00:00,2025-04-11 00:00:00+00:00,19.62,19.0,21.0,2.0,1.0,1.0,23.23,2.0,1.0,1.0
3719,2025-04-08 16:45:00+00:00,LLY,call,0.1,2025-04-08 16:45:00+00:00,2025-04-11 00:00:00+00:00,733.07,785.0,807.5,22.5,1.52,13.803,732.36,0.0,-1.52,-1.0
3719,2025-04-08 16:45:00+00:00,LLY,call,0.15,2025-04-08 16:45:00+00:00,2025-04-11 00:00:00+00:00,733.07,775.0,795.0,20.0,2.38,7.403,732.36,0.0,-2.38,-1.0
3719,2025-04-08 16:45:00+00:00,LLY,call,0.2,2025-04-08 16:45:00+00:00,2025-04-11 00:00:00+00:00,733.07,765.0,780.0,15.0,3.24,3.63,732.36,0.0,-3.24,-1.0
3719,2025-04-08 16:45:00+00:00,LLY,call,0.25,2025-04-08 16:45:00+00:00,2025-04-11 00:00:00+00:00,733.07,760.0,775.0,15.0,3.95,2.797,732.36,0.0,-3.95,-1.0
3719,2025-04-08 16:45:00+00:00,LLY,call,0.3,2025-04-08 16:45:00+00:00,2025-04-11 00:00:00+00:00,733.07,755.0,775.0,20.0,5.6,2.571,732.36,0.0,-5.6,-1.0
3719,2025-04-08 16:45:00+00:00,LLY,call,0.35,2025-04-08 16:45:00+00:00,2025-04-11 00:00:00+00:00,733.07,750.0,770.0,20.0,6.55,2.053,732.36,0.0,-6.55,-1.0
3719,2025-04-08 16:45:00+00:00,LLY,call,0.4,2025-04-08 16:45:00+00:00,2025-04-11 00:00:00+00:00,733.07,745.0,765.0,20.0,7.5,1.667,732.36,0.0,-7.5,-1.0
3719,2025-04-08 16:45:00+00:00,LLY,call,0.45,2025-04-08 16:45:00+00:00,2025-04-11 00:00:00+00:00,733.07,740.0,765.0,25.0,9.75,1.564,732.36,0.0,-9.75,-1.0
3719,2025-04-08 16:45:00+00:00,LLY,call,0.5,2025-04-08 16:45:00+00:00,2025-04-11 00:00:00+00:00,733.07,735.0,760.0,25.0,11.1,1.252,732.36,0.0,-11.1,-1.0
3719,2025-04-08 16:45:00+00:00,LLY,call,0.55,2025-04-08 16:45:00+00:00,2025-04-11 00:00:00+00:00,733.07,730.0,760.0,30.0,14.0,1.143,732.36,2.36,-11.64,-0.831
3719,2025-04-08 16:45:00+00:00,LLY,call,0.6,2025-04-08 16:45:00+00:00,2025-04-11 00:00:00+00:00,733.07,722.5,755.0,32.5,17.05,0.906,732.36,9.86,-7.19,-0.422
3720,2025-04-08 18:50:00+00:00,LOW,call,0.45,2025-04-08 18:49:49+00:00,2025-04-11 00:00:00+00:00,213.51,215.0,222.5,7.5,3.7,1.027,220.14,5.14,1.44,0.389
3720,2025-04-08 18:50:00+00:00,LOW,call,0.5,2025-04-08 18:49:49+00:00,2025-04-11 00:00:00+00:00,213.51,215.0,222.5,7.5,3.7,1.027,220.14,5.14,1.44,0.389
3724,2025-04-08 17:45:00+00:00,MU,call,0.1,2025-04-08 17:44:57+00:00,2025-04-11 00:00:00+00:00,68.34,78.0,81.0,3.0,0.16,17.75,69.52,0.0,-0.16,-1.0
3724,2025-04-08 17:45:00+00:00,MU,call,0.15,2025-04-08 17:44:57+00:00,2025-04-11 00:00:00+00:00,68.34,76.0,79.0,3.0,0.31,8.677,69.52,0.0,-0.31,-1.0
3724,2025-04-08 17:45:00+00:00,MU,call,0.2,2025-04-08 17:44:57+00:00,2025-04-11 00:00:00+00:00,68.34,75.0,78.0,3.0,0.4,6.5,69.52,0.0,-0.4,-1.0
3724,2025-04-08 17:45:00+00:00,MU,call,0.25,2025-04-08 17:44:57+00:00,2025-04-11 00:00:00+00:00,68.34,74.0,77.0,3.0,0.51,4.882,69.52,0.0,-0.51,-1.0
3724,2025-04-08 17:45:00+00:00,MU,call,0.3,2025-04-08 17:44:57+00:00,2025-04-11 00:00:00+00:00,68.34,73.0,77.0,4.0,0.77,4.195,69.52,0.0,-0.77,-1.0
3724,2025-04-08 17:45:00+00:00,MU,call,0.35,2025-04-08 17:44:57+00:00,2025-04-11 00:00:00+00:00,68.34,72.0,76.0,4.0,0.96,3.167,69.52,0.0,-0.96,-1.0
3724,2025-04-08 17:45:00+00:00,MU,call,0.4,2025-04-08 17:44:57+00:00,2025-04-11 00:00:00+00:00,68.34,71.0,75.0,4.0,1.17,2.419,69.52,0.0,-1.17,-1.0
3724,2025-04-08 17:45:00+00:00,MU,call,0.45,2025-04-08 17:44:57+00:00,2025-04-11 00:00:00+00:00,68.34,70.0,74.0,4.0,1.4,1.857,69.52,0.0,-1.4,-1.0
3724,2025-04-08 17:45:00+00:00,MU,call,0.5,2025-04-08 17:44:57+00:00,2025-04-11 00:00:00+00:00,68.34,69.0,74.0,5.0,1.89,1.646,69.52,0.52,-1.37,-0.725
3724,2025-04-08 17:45:00+00:00,MU,call,0.55,2025-04-08 17:44:57+00:00,2025-04-11 00:00:00+00:00,68.34,68.0,73.0,5.0,2.22,1.252,69.52,1.52,-0.7,-0.315
3724,2025-04-08 17:45:00+00:00,MU,call,0.6,2025-04-08 17:44:57+00:00,2025-04-11 00:00:00+00:00,68.34,67.0,73.0,6.0,2.82,1.128,69.52,2.52,-0.3,-0.106
3724,2025-04-08 17:45:00+00:00,MU,call,0.65,2025-04-08 17:44:57+00:00,2025-04-11 00:00:00+00:00,68.34,66.0,72.0,6.0,3.16,0.899,69.52,3.52,0.36,0.114
3724,2025-04-08 17:45:00+00:00,MU,call,0.7,2025-04-08 17:44:57+00:00,2025-04-11 00:00:00+00:00,68.34,65.0,72.0,7.0,3.86,0.813,69.52,4.52,0.66,0.171
3725,2025-04-08 17:45:00+00:00,NFLX,call,0.1,2025-04-08 17:44:56+00:00,2025-04-11 00:00:00+00:00,892.52,970.0,990.0,20.0,1.59,11.579,916.01,0.0,-1.59,-1.0
3725,2025-04-08 17:45:00+00:00,NFLX,call,0.15,2025-04-08 17:44:56+00:00,2025-04-11 00:00:00+00:00,892.52,955.0,977.5,22.5,2.73,7.242,916.01,0.0,-2.73,-1.0
3725,2025-04-08 17:45:00+00:00,NFLX,call,0.2,2025-04-08 17:44:56+00:00,2025-04-11 00:00:00+00:00,892.52,945.0,970.0,25.0,3.91,5.394,916.01,0.0,-3.91,-1.0
3725,2025-04-08 17:45:00+00:00,NFLX,call,0.25,2025-04-08 17:44:56+00:00,2025-04-11 00:00:00+00:00,892.52,935.0,962.5,27.5,5.76,3.774,916.01,0.0,-5.76,-1.0
3725,2025-04-08 17:45:00+00:00,NFLX,call,0.3,2025-04-08 17:44:56+00:00,2025-04-11 00:00:00+00:00,892.52,927.5,960.0,32.5,7.6,3.276,916.01,0.0,-7.6,-1.0
3725,2025-04-08 17:45:00+00:00,NFLX,call,0.35,2025-04-08 17:44:56+00:00,2025-04-11 00:00:00+00:00,892.52,920.0,950.0,30.0,8.65,2.468,916.01,0.0,-8.65,-1.0
3725,2025-04-08 17:45:00+00:00,NFLX,call,0.4,2025-04-08 17:44:56+00:00,2025-04-11 00:00:00+00:00,892.52,910.0,945.0,35.0,12.1,1.893,916.01,6.01,-6.09,-0.503
3725,2025-04-08 17:45:00+00:00,NFLX,call,0.45,2025-04-08 17:44:56+00:00,2025-04-11 00:00:00+00:00,892.52,905.0,942.5,37.5,13.55,1.768,916.01,11.01,-2.54,-0.187
3725,2025-04-08 17:45:00+00:00,NFLX,call,0.5,2025-04-08 17:44:56+00:00,2025-04-11 00:00:00+00:00,892.52,895.0,937.5,42.5,17.95,1.368,916.01,21.01,3.06,0.17
3725,2025-04-08 17:45:00+00:00,NFLX,call,0.55,2025-04-08 17:44:56+00:00,2025-04-11 00:00:00+00:00,892.52,885.0,930.0,45.0,21.65,1.079,916.01,31.01,9.36,0.432
3725,2025-04-08 17:45:00+00:00,NFLX,call,0.6,2025-04-08 17:44:56+00:00,2025-04-11 00:00:00+00:00,892.52,880.0,927.5,47.5,23.95,0.983,916.01,36.01,12.06,0.504
3725,2025-04-08 17:45:00+00:00,NFLX,call,0.65,2025-04-08 17:44:56+00:00,2025-04-11 00:00:00+00:00,892.52,870.0,925.0,55.0,29.45,0.868,916.01,46.01,16.56,0.562
3726,2025-04-08 14:05:00+00:00,NKE,call,0.25,2025-04-08 14:04:53+00:00,2025-04-11 00:00:00+00:00,57.66,60.0,62.0,2.0,0.44,3.545,54.32,0.0,-0.44,-1.0
3726,2025-04-08 14:05:00+00:00,NKE,call,0.3,2025-04-08 14:04:53+00:00,2025-04-11 00:00:00+00:00,57.66,60.0,62.0,2.0,0.44,3.545,54.32,0.0,-0.44,-1.0
3726,2025-04-08 14:05:00+00:00,NKE,call,0.35,2025-04-08 14:04:53+00:00,2025-04-11 00:00:00+00:00,57.66,59.0,61.0,2.0,0.65,2.077,54.32,0.0,-0.65,-1.0
3726,2025-04-08 14:05:00+00:00,NKE,call,0.4,2025-04-08 14:04:53+00:00,2025-04-11 00:00:00+00:00,57.66,59.0,61.0,2.0,0.65,2.077,54.32,0.0,-0.65,-1.0
3726,2025-04-08 14:05:00+00:00,NKE,call,0.55,2025-04-08 14:04:53+00:00,2025-04-11 00:00:00+00:00,57.66,57.0,60.0,3.0,1.4,1.143,54.32,0.0,-1.4,-1.0
3726,2025-04-08 14:05:00+00:00,NKE,call,0.6,2025-04-08 14:04:53+00:00,2025-04-11 00:00:00+00:00,57.66,57.0,60.0,3.0,1.4,1.143,54.32,0.0,-1.4,-1.0
3727,2025-04-08 17:40:00+00:00,NTAP,call,0.45,2025-04-08 17:39:56+00:00,2025-04-11 00:00:00+00:00,77.77,79.0,82.0,3.0,1.35,1.222,82.78,3.0,1.65,1.222
3728,2025-04-08 17:45:00+00:00,NVDA,call,0.1,2025-04-08 17:44:50+00:00,2025-04-11 00:00:00+00:00,100.58,112.0,115.0,3.0,0.21,13.286,110.72,0.0,-0.21,-1.0
3728,2025-04-08 17:45:00+00:00,NVDA,call,0.15,2025-04-08 17:44:50+00:00,2025-04-11 00:00:00+00:00,100.58,110.0,113.0,3.0,0.33,8.091,110.72,0.72,0.39,1.182
3728,2025-04-08 17:45:00+00:00,NVDA,call,0.2,2025-04-08 17:44:50+00:00,2025-04-11 00:00:00+00:00,100.58,108.0,111.0,3.0,0.51,4.882,110.72,2.72,2.21,4.333
3728,2025-04-08 17:45:00+00:00,NVDA,call,0.25,2025-04-08 17:44:50+00:00,2025-04-11 00:00:00+00:00,100.58,107.0,111.0,4.0,0.75,4.333,110.72,3.72,2.97,3.96
3728,2025-04-08 17:45:00+00:00,NVDA,call,0.3,2025-04-08 17:44:50+00:00,2025-04-11 00:00:00+00:00,100.58,106.0,110.0,4.0,0.9,3.444,110.72,4.0,3.1,3.444
3728,2025-04-08 17:45:00+00:00,NVDA,call,0.35,2025-04-08 17:44:50+00:00,2025-04-11 00:00:00+00:00,100.58,105.0,109.0,4.0,1.07,2.738,110.72,4.0,2.93,2.738
3728,2025-04-08 17:45:00+00:00,NVDA,call,0.4,2025-04-08 17:44:50+00:00,2025-04-11 00:00:00+00:00,100.58,104.0,109.0,5.0,1.45,2.448,110.72,5.0,3.55,2.448
3728,2025-04-08 17:45:00+00:00,NVDA,call,0.45,2025-04-08 17:44:50+00:00,2025-04-11 00:00:00+00:00,100.58,102.0,108.0,6.0,2.19,1.74,110.72,6.0,3.81,1.74
3728,2025-04-08 17:45:00+00:00,NVDA,call,0.5,2025-04-08 17:44:50+00:00,2025-04-11 00:00:00+00:00,100.58,101.0,107.0,6.0,2.45,1.449,110.72,6.0,3.55,1.449
3728,2025-04-08 17:45:00+00:00,NVDA,call,0.55,2025-04-08 17:44:50+00:00,2025-04-11 00:00:00+00:00,100.58,100.0,107.0,7.0,3.0,1.333,110.72,7.0,4.0,1.333
3728,2025-04-08 17:45:00+00:00,NVDA,call,0.6,2025-04-08 17:44:50+00:00,2025-04-11 00:00:00+00:00,100.58,99.0,106.0,7.0,3.32,1.108,110.72,7.0,3.68,1.108
3728,2025-04-08 17:45:00+00:00,NVDA,call,0.65,2025-04-08 17:44:50+00:00,2025-04-11 00:00:00+00:00,100.58,97.0,105.0,8.0,4.28,0.869,110.72,8.0,3.72,0.869
3728,2025-04-08 17:45:00+00:00,NVDA,call,0.7,2025-04-08 17:44:50+00:00,2025-04-11 00:00:00+00:00,100.58,96.0,105.0,9.0,4.98,0.807,110.72,9.0,4.02,0.807
3732,2025-04-08 15:40:00+00:00,PNC,call,0.5,2025-04-08 15:39:53+00:00,2025-04-11 00:00:00+00:00,154.5,155.0,162.5,7.5,3.35,1.239,151.73,0.0,-3.35,-1.0
3732,2025-04-08 15:40:00+00:00,PNC,call,0.55,2025-04-08 15:39:53+00:00,2025-04-11 00:00:00+00:00,154.5,155.0,162.5,7.5,3.35,1.239,151.73,0.0,-3.35,-1.0
3733,2025-04-08 16:30:00+00:00,PPG,call,0.4,2025-04-08 16:30:00+00:00,2025-04-11 00:00:00+00:00,95.5,97.0,100.0,3.0,1.05,1.857,100.66,3.0,1.95,1.857
3733,2025-04-08 16:30:00+00:00,PPG,call,0.55,2025-04-08 16:30:00+00:00,2025-04-11 00:00:00+00:00,95.5,95.0,99.0,4.0,2.0,1.0,100.66,4.0,2.0,1.0
3734,2025-04-08 19:55:00+00:00,PYPL,call,0.15,2025-04-08 19:54:47+00:00,2025-04-11 00:00:00+00:00,57.39,62.0,64.0,2.0,0.25,7.0,62.62,0.62,0.37,1.48
3734,2025-04-08 19:55:00+00:00,PYPL,call,0.2,2025-04-08 19:54:47+00:00,2025-04-11 00:00:00+00:00,57.39,61.0,63.0,2.0,0.38,4.263,62.62,1.62,1.24,3.263
3734,2025-04-08 19:55:00+00:00,PYPL,call,0.25,2025-04-08 19:54:47+00:00,2025-04-11 00:00:00+00:00,57.39,61.0,63.0,2.0,0.38,4.263,62.62,1.62,1.24,3.263
3734,2025-04-08 19:55:00+00:00,PYPL,call,0.3,2025-04-08 19:54:47+00:00,2025-04-11 00:00:00+00:00,57.39,60.0,62.0,2.0,0.54,2.704,62.62,2.0,1.46,2.704
3734,2025-04-08 19:55:00+00:00,PYPL,call,0.35,2025-04-08 19:54:47+00:00,2025-04-11 00:00:00+00:00,57.39,59.0,62.0,3.0,0.9,2.333,62.62,3.0,2.1,2.333
3734,2025-04-08 19:55:00+00:00,PYPL,call,0.4,2025-04-08 19:54:47+00:00,2025-04-11 00:00:00+00:00,57.39,59.0,62.0,3.0,0.9,2.333,62.62,3.0,2.1,2.333
3734,2025-04-08 19:55:00+00:00,PYPL,call,0.45,2025-04-08 19:54:47+00:00,2025-04-11 00:00:00+00:00,57.39,58.0,61.0,3.0,1.16,1.586,62.62,3.0,1.84,1.586
3734,2025-04-08 19:55:00+00:00,PYPL,call,0.5,2025-04-08 19:54:47+00:00,2025-04-11 00:00:00+00:00,57.39,58.0,61.0,3.0,1.16,1.586,62.62,3.0,1.84,1.586
3734,2025-04-08 19:55:00+00:00,PYPL,call,0.55,2025-04-08 19:54:47+00:00,2025-04-11 00:00:00+00:00,57.39,57.0,60.0,3.0,1.45,1.069,62.62,3.0,1.55,1.069
3734,2025-04-08 19:55:00+00:00,PYPL,call,0.6,2025-04-08 19:54:47+00:00,2025-04-11 00:00:00+00:00,57.39,56.0,60.0,4.0,2.09,0.914,62.62,4.0,1.91,0.914
3734,2025-04-08 19:55:00+00:00,PYPL,call,0.65,2025-04-08 19:54:47+00:00,2025-04-11 00:00:00+00:00,57.39,56.0,60.0,4.0,2.09,0.914,62.62,4.0,1.91,0.914
3735,2025-04-08 16:45:00+00:00,QCOM,call,0.5,2025-04-08 16:44:47+00:00,2025-04-11 00:00:00+00:00,130.42,131.0,138.0,7.0,3.24,1.16,139.14,7.0,3.76,1.16
3738,2025-04-08 19:30:00+00:00,SPOT,call,0.45,2025-04-08 19:29:50+00:00,2025-04-11 00:00:00+00:00,516.64,525.0,552.5,27.5,11.85,1.321,543.13,18.13,6.28,0.53
3740,2025-04-08 17:40:00+00:00,TSM,call,0.1,2025-04-08 17:39:47+00:00,2025-04-11 00:00:00+00:00,144.6,160.0,165.0,5.0,0.35,13.286,157.06,0.0,-0.35,-1.0
3740,2025-04-08 17:40:00+00:00,TSM,call,0.15,2025-04-08 17:39:47+00:00,2025-04-11 00:00:00+00:00,144.6,157.5,162.5,5.0,0.54,8.259,157.06,0.0,-0.54,-1.0
3740,2025-04-08 17:40:00+00:00,TSM,call,0.2,2025-04-08 17:39:47+00:00,2025-04-11 00:00:00+00:00,144.6,155.0,160.0,5.0,0.82,5.098,157.06,2.06,1.24,1.512
3740,2025-04-08 17:40:00+00:00,TSM,call,0.25,2025-04-08 17:39:47+00:00,2025-04-11 00:00:00+00:00,144.6,152.5,157.5,5.0,1.17,3.274,157.06,4.56,3.39,2.897
3740,2025-04-08 17:40:00+00:00,TSM,call,0.3,2025-04-08 17:39:47+00:00,2025-04-11 00:00:00+00:00,144.6,152.5,157.5,5.0,1.17,3.274,157.06,4.56,3.39,2.897
3740,2025-04-08 17:40:00+00:00,TSM,call,0.35,2025-04-08 17:39:47+00:00,2025-04-11 00:00:00+00:00,144.6,150.0,157.5,7.5,2.02,2.713,157.06,7.06,5.04,2.495
3740,2025-04-08 17:40:00+00:00,TSM,call,0.4,2025-04-08 17:39:47+00:00,2025-04-11 00:00:00+00:00,144.6,149.0,155.0,6.0,1.98,2.03,157.06,6.0,4.02,2.03
3740,2025-04-08 17:40:00+00:00,TSM,call,0.45,2025-04-08 17:39:47+00:00,2025-04-11 00:00:00+00:00,144.6,147.0,155.0,8.0,2.88,1.778,157.06,8.0,5.12,1.778
3740,2025-04-08 17:40:00+00:00,TSM,call,0.5,2025-04-08 17:39:47+00:00,2025-04-11 00:00:00+00:00,144.6,145.0,152.5,7.5,3.3,1.273,157.06,7.5,4.2,1.273
3740,2025-04-08 17:40:00+00:00,TSM,call,0.55,2025-04-08 17:39:47+00:00,2025-04-11 00:00:00+00:00,144.6,144.0,152.5,8.5,3.85,1.208,157.06,8.5,4.65,1.208
3740,2025-04-08 17:40:00+00:00,TSM,call,0.6,2025-04-08 17:39:47+00:00,2025-04-11 00:00:00+00:00,144.6,142.0,152.5,10.5,5.05,1.079,157.06,10.5,5.45,1.079
3742,2025-04-08 17:45:00+00:00,UAL,call,0.5,2025-04-08 17:44:55+00:00,2025-04-11 00:00:00+00:00,57.91,58.0,63.0,5.0,2.16,1.315,65.57,5.0,2.84,1.315
3742,2025-04-08 17:45:00+00:00,UAL,call,0.55,2025-04-08 17:44:55+00:00,2025-04-11 00:00:00+00:00,57.91,58.0,63.0,5.0,2.16,1.315,65.57,5.0,2.84,1.315
3742,2025-04-08 17:45:00+00:00,UAL,call,0.6,2025-04-08 17:44:55+00:00,2025-04-11 00:00:00+00:00,57.91,57.0,62.0,5.0,2.51,0.992,65.57,5.0,2.49,0.992
3743,2025-04-08 17:45:00+00:00,UNP,call,0.55,2025-04-08 17:44:40+00:00,2025-04-11 00:00:00+00:00,211.02,210.0,217.5,7.5,3.95,0.899,218.63,7.5,3.55,0.899
3743,2025-04-08 17:45:00+00:00,UNP,call,0.6,2025-04-08 17:44:40+00:00,2025-04-11 00:00:00+00:00,211.02,207.5,217.5,10.0,5.45,0.835,218.63,10.0,4.55,0.835
3743,2025-04-08 17:45:00+00:00,UNP,call,0.65,2025-04-08 17:44:40+00:00,2025-04-11 00:00:00+00:00,211.02,207.5,217.5,10.0,5.45,0.835,218.63,10.0,4.55,0.835
3744,2025-04-08 17:20:00+00:00,UPS,call,0.2,2025-04-08 17:19:53+00:00,2025-04-11 00:00:00+00:00,93.84,99.0,101.0,2.0,0.35,4.714,96.98,0.0,-0.35,-1.0
3744,2025-04-08 17:20:00+00:00,UPS,call,0.25,2025-04-08 17:19:53+00:00,2025-04-11 00:00:00+00:00,93.84,98.0,100.0,2.0,0.47,3.255,96.98,0.0,-0.47,-1.0
3744,2025-04-08 17:20:00+00:00,UPS,call,0.35,2025-04-08 17:19:53+00:00,2025-04-11 00:00:00+00:00,93.84,96.0,99.0,3.0,0.95,2.158,96.98,0.98,0.03,0.032
3744,2025-04-08 17:20:00+00:00,UPS,call,0.4,2025-04-08 17:19:53+00:00,2025-04-11 00:00:00+00:00,93.84,96.0,99.0,3.0,0.95,2.158,96.98,0.98,0.03,0.032
3744,2025-04-08 17:20:00+00:00,UPS,call,0.55,2025-04-08 17:19:53+00:00,2025-04-11 00:00:00+00:00,93.84,93.0,97.0,4.0,2.11,0.896,96.98,3.98,1.87,0.886
3745,2025-04-08 17:45:00+00:00,VFC,call,0.15,2025-04-08 17:44:55+00:00,2025-04-11 00:00:00+00:00,10.25,12.0,12.5,0.5,0.06,7.333,11.11,0.0,-0.06,-1.0
3746,2025-04-08 17:45:00+00:00,VRT,call,0.35,2025-04-08 17:44:55+00:00,2025-04-11 00:00:00+00:00,64.79,69.0,73.0,4.0,1.27,2.15,69.39,0.39,-0.88,-0.693
3746,2025-04-08 17:45:00+00:00,VRT,call,0.45,2025-04-08 17:44:55+00:00,2025-04-11 00:00:00+00:00,64.79,67.0,72.0,5.0,1.89,1.646,69.39,2.39,0.5,0.265
3746,2025-04-08 17:45:00+00:00,VRT,call,0.5,2025-04-08 17:44:55+00:00,2025-04-11 00:00:00+00:00,64.79,65.0,71.0,6.0,2.5,1.4,69.39,4.39,1.89,0.756
3746,2025-04-08 17:45:00+00:00,VRT,call,0.55,2025-04-08 17:44:55+00:00,2025-04-11 00:00:00+00:00,64.79,64.0,70.0,6.0,2.87,1.091,69.39,5.39,2.52,0.878
3746,2025-04-08 17:45:00+00:00,VRT,call,0.6,2025-04-08 17:44:55+00:00,2025-04-11 00:00:00+00:00,64.79,63.0,70.0,7.0,3.42,1.047,69.39,6.39,2.97,0.868
3746,2025-04-08 17:45:00+00:00,VRT,call,0.65,2025-04-08 17:44:55+00:00,2025-04-11 00:00:00+00:00,64.79,62.0,69.0,7.0,3.71,0.887,69.39,7.0,3.29,0.887
3750,2025-04-08 15:40:00+00:00,XLE,call,0.1,2025-04-08 15:39:49+00:00,2025-04-11 00:00:00+00:00,78.85,84.5,86.5,2.0,0.18,10.111,79.35,0.0,-0.18,-1.0
3750,2025-04-08 15:40:00+00:00,XLE,call,0.2,2025-04-08 15:39:49+00:00,2025-04-11 00:00:00+00:00,78.85,83.0,85.0,2.0,0.29,5.897,79.35,0.0,-0.29,-1.0
3750,2025-04-08 15:40:00+00:00,XLE,call,0.25,2025-04-08 15:39:49+00:00,2025-04-11 00:00:00+00:00,78.85,82.0,84.0,2.0,0.42,3.762,79.35,0.0,-0.42,-1.0
3750,2025-04-08 15:40:00+00:00,XLE,call,0.3,2025-04-08 15:39:49+00:00,2025-04-11 00:00:00+00:00,78.85,81.0,83.5,2.5,0.66,2.788,79.35,0.0,-0.66,-1.0
3750,2025-04-08 15:40:00+00:00,XLE,call,0.35,2025-04-08 15:39:49+00:00,2025-04-11 00:00:00+00:00,78.85,81.0,83.5,2.5,0.66,2.788,79.35,0.0,-0.66,-1.0
3750,2025-04-08 15:40:00+00:00,XLE,call,0.4,2025-04-08 15:39:49+00:00,2025-04-11 00:00:00+00:00,78.85,80.0,83.0,3.0,0.98,2.061,79.35,0.0,-0.98,-1.0
3750,2025-04-08 15:40:00+00:00,XLE,call,0.45,2025-04-08 15:39:49+00:00,2025-04-11 00:00:00+00:00,78.85,80.0,83.0,3.0,0.98,2.061,79.35,0.0,-0.98,-1.0
3750,2025-04-08 15:40:00+00:00,XLE,call,0.5,2025-04-08 15:39:49+00:00,2025-04-11 00:00:00+00:00,78.85,79.0,82.0,3.0,1.28,1.344,79.35,0.35,-0.93,-0.727
3750,2025-04-08 15:40:00+00:00,XLE,call,0.55,2025-04-08 15:39:49+00:00,2025-04-11 00:00:00+00:00,78.85,78.0,81.0,3.0,1.66,0.807,79.35,1.35,-0.31,-0.187
3750,2025-04-08 15:40:00+00:00,XLE,call,0.6,2025-04-08 15:39:49+00:00,2025-04-11 00:00:00+00:00,78.85,78.0,81.0,3.0,1.66,0.807,79.35,1.35,-0.31,-0.187
3751,2025-04-08 15:40:00+00:00,XLF,call,0.2,2025-04-08 15:39:44+00:00,2025-04-11 00:00:00+00:00,45.49,47.5,48.5,1.0,0.16,5.25,46.29,0.0,-0.16,-1.0
3751,2025-04-08 15:40:00+00:00,XLF,call,0.25,2025-04-08 15:39:44+00:00,2025-04-11 00:00:00+00:00,45.49,47.0,48.0,1.0,0.23,3.348,46.29,0.0,-0.23,-1.0
3751,2025-04-08 15:40:00+00:00,XLF,call,0.3,2025-04-08 15:39:44+00:00,2025-04-11 00:00:00+00:00,45.49,47.0,48.0,1.0,0.23,3.348,46.29,0.0,-0.23,-1.0
3751,2025-04-08 15:40:00+00:00,XLF,call,0.35,2025-04-08 15:39:44+00:00,2025-04-11 00:00:00+00:00,45.49,46.5,47.5,1.0,0.32,2.125,46.29,0.0,-0.32,-1.0
3751,2025-04-08 15:40:00+00:00,XLF,call,0.4,2025-04-08 15:39:44+00:00,2025-04-11 00:00:00+00:00,45.49,46.0,47.5,1.5,0.54,1.778,46.29,0.29,-0.25,-0.463
3751,2025-04-08 15:40:00+00:00,XLF,call,0.45,2025-04-08 15:39:44+00:00,2025-04-11 00:00:00+00:00,45.49,46.0,47.5,1.5,0.54,1.778,46.29,0.29,-0.25,-0.463
3751,2025-04-08 15:40:00+00:00,XLF,call,0.5,2025-04-08 15:39:44+00:00,2025-04-11 00:00:00+00:00,45.49,45.5,47.0,1.5,0.68,1.206,46.29,0.79,0.11,0.162
3751,2025-04-08 15:40:00+00:00,XLF,call,0.55,2025-04-08 15:39:44+00:00,2025-04-11 00:00:00+00:00,45.49,45.5,47.0,1.5,0.68,1.206,46.29,0.79,0.11,0.162
3751,2025-04-08 15:40:00+00:00,XLF,call,0.6,2025-04-08 15:39:44+00:00,2025-04-11 00:00:00+00:00,45.49,45.0,47.0,2.0,0.99,1.02,46.29,1.29,0.3,0.303
3751,2025-04-08 15:40:00+00:00,XLF,call,0.65,2025-04-08 15:39:44+00:00,2025-04-11 00:00:00+00:00,45.49,45.0,47.0,2.0,0.99,1.02,46.29,1.29,0.3,0.303
3752,2025-04-08 16:00:00+00:00,XLK,call,0.15,2025-04-08 15:59:44+00:00,2025-04-11 00:00:00+00:00,189.12,200.0,205.0,5.0,0.7,6.143,197.93,0.0,-0.7,-1.0
3752,2025-04-08 16:00:00+00:00,XLK,call,0.25,2025-04-08 15:59:44+00:00,2025-04-11 00:00:00+00:00,189.12,197.0,202.5,5.5,1.35,3.074,197.93,0.93,-0.42,-0.311
3752,2025-04-08 16:00:00+00:00,XLK,call,0.3,2025-04-08 15:59:44+00:00,2025-04-11 00:00:00+00:00,189.12,195.0,200.0,5.0,1.46,2.425,197.93,2.93,1.47,1.007
3752,2025-04-08 16:00:00+00:00,XLK,call,0.35,2025-04-08 15:59:44+00:00,2025-04-11 00:00:00+00:00,189.12,194.0,200.0,6.0,1.81,2.315,197.93,3.93,2.12,1.171
3752,2025-04-08 16:00:00+00:00,XLK,call,0.4,2025-04-08 15:59:44+00:00,2025-04-11 00:00:00+00:00,189.12,192.0,199.0,7.0,2.48,1.823,197.93,5.93,3.45,1.391
3752,2025-04-08 16:00:00+00:00,XLK,call,0.45,2025-04-08 15:59:44+00:00,2025-04-11 00:00:00+00:00,189.12,191.0,198.0,7.0,2.99,1.341,197.93,6.93,3.94,1.318
3752,2025-04-08 16:00:00+00:00,XLK,call,0.5,2025-04-08 15:59:44+00:00,2025-04-11 00:00:00+00:00,189.12,189.0,197.0,8.0,3.69,1.168,197.93,8.0,4.31,1.168
3752,2025-04-08 16:00:00+00:00,XLK,call,0.55,2025-04-08 15:59:44+00:00,2025-04-11 00:00:00+00:00,189.12,188.0,196.0,8.0,3.86,1.073,197.93,8.0,4.14,1.073
3752,2025-04-08 16:00:00+00:00,XLK,call,0.65,2025-04-08 15:59:44+00:00,2025-04-11 00:00:00+00:00,189.12,185.0,195.0,10.0,5.53,0.808,197.93,10.0,4.47,0.808
3753,2025-04-08 18:20:00+00:00,ZS,call,0.25,2025-04-08 18:19:57+00:00,2025-04-11 00:00:00+00:00,182.24,192.5,200.0,7.5,1.7,3.412,198.02,5.52,3.82,2.247
3753,2025-04-08 18:20:00+00:00,ZS,call,0.3,2025-04-08 18:19:57+00:00,2025-04-11 00:00:00+00:00,182.24,190.0,197.5,7.5,2.22,2.378,198.02,7.5,5.28,2.378
3753,2025-04-08 18:20:00+00:00,ZS,call,0.35,2025-04-08 18:19:57+00:00,2025-04-11 00:00:00+00:00,182.24,190.0,197.5,7.5,2.22,2.378,198.02,7.5,5.28,2.378
3753,2025-04-08 18:20:00+00:00,ZS,call,0.4,2025-04-08 18:19:57+00:00,2025-04-11 00:00:00+00:00,182.24,187.5,195.0,7.5,2.8,1.679,198.02,7.5,4.7,1.679
3753,2025-04-08 18:20:00+00:00,ZS,call,0.45,2025-04-08 18:19:57+00:00,2025-04-11 00:00:00+00:00,182.24,185.0,195.0,10.0,3.7,1.703,198.02,10.0,6.3,1.703
3753,2025-04-08 18:20:00+00:00,ZS,call,0.5,2025-04-08 18:19:57+00:00,2025-04-11 00:00:00+00:00,182.24,182.5,192.5,10.0,4.45,1.247,198.02,10.0,5.55,1.247
3753,2025-04-08 18:20:00+00:00,ZS,call,0.55,2025-04-08 18:19:57+00:00,2025-04-11 00:00:00+00:00,182.24,180.0,192.5,12.5,6.0,1.083,198.02,12.5,6.5,1.083
3753,2025-04-08 18:20:00+00:00,ZS,call,0.6,2025-04-08 18:19:57+00:00,2025-04-11 00:00:00+00:00,182.24,180.0,192.5,12.5,6.0,1.083,198.02,12.5,6.5,1.083
3753,2025-04-08 18:20:00+00:00,ZS,call,0.65,2025-04-08 18:19:57+00:00,2025-04-11 00:00:00+00:00,182.24,177.5,190.0,12.5,6.89,0.814,198.02,12.5,5.61,0.814
3755,2025-04-09 15:25:00+00:00,ADSK,call,0.5,2025-04-09 15:24:45+00:00,2025-04-11 00:00:00+00:00,240.52,240.0,250.0,10.0,5.3,0.887,258.49,10.0,4.7,0.887
3755,2025-04-09 15:25:00+00:00,ADSK,call,0.55,2025-04-09 15:24:45+00:00,2025-04-11 00:00:00+00:00,240.52,240.0,250.0,10.0,5.3,0.887,258.49,10.0,4.7,0.887
3756,2025-04-09 19:25:00+00:00,AFRM,call,0.1,2025-04-09 19:24:57+00:00,2025-04-11 00:00:00+00:00,43.88,50.0,52.0,2.0,0.16,11.5,40.52,0.0,-0.16,-1.0
3756,2025-04-09 19:25:00+00:00,AFRM,call,0.2,2025-04-09 19:24:57+00:00,2025-04-11 00:00:00+00:00,43.88,48.0,50.0,2.0,0.33,5.061,40.52,0.0,-0.33,-1.0
3756,2025-04-09 19:25:00+00:00,AFRM,call,0.25,2025-04-09 19:24:57+00:00,2025-04-11 00:00:00+00:00,43.88,47.5,50.0,2.5,0.44,4.682,40.52,0.0,-0.44,-1.0
3756,2025-04-09 19:25:00+00:00,AFRM,call,0.3,2025-04-09 19:24:57+00:00,2025-04-11 00:00:00+00:00,43.88,46.5,49.0,2.5,0.62,3.032,40.52,0.0,-0.62,-1.0
3756,2025-04-09 19:25:00+00:00,AFRM,call,0.35,2025-04-09 19:24:57+00:00,2025-04-11 00:00:00+00:00,43.88,46.0,48.5,2.5,0.72,2.472,40.52,0.0,-0.72,-1.0
3756,2025-04-09 19:25:00+00:00,AFRM,call,0.4,2025-04-09 19:24:57+00:00,2025-04-11 00:00:00+00:00,43.88,45.5,48.5,3.0,0.92,2.261,40.52,0.0,-0.92,-1.0
3756,2025-04-09 19:25:00+00:00,AFRM,call,0.45,2025-04-09 19:24:57+00:00,2025-04-11 00:00:00+00:00,43.88,45.0,48.0,3.0,1.02,1.941,40.52,0.0,-1.02,-1.0
3756,2025-04-09 19:25:00+00:00,AFRM,call,0.5,2025-04-09 19:24:57+00:00,2025-04-11 00:00:00+00:00,43.88,44.0,47.5,3.5,1.42,1.465,40.52,0.0,-1.42,-1.0
3756,2025-04-09 19:25:00+00:00,AFRM,call,0.55,2025-04-09 19:24:57+00:00,2025-04-11 00:00:00+00:00,43.88,43.5,47.0,3.5,1.56,1.244,40.52,0.0,-1.56,-1.0
3756,2025-04-09 19:25:00+00:00,AFRM,call,0.6,2025-04-09 19:24:57+00:00,2025-04-11 00:00:00+00:00,43.88,43.0,46.5,3.5,1.69,1.071,40.52,0.0,-1.69,-1.0
3756,2025-04-09 19:25:00+00:00,AFRM,call,0.65,2025-04-09 19:24:57+00:00,2025-04-11 00:00:00+00:00,43.88,42.5,46.5,4.0,2.01,0.99,40.52,0.0,-2.01,-1.0
3759,2025-04-09 16:20:00+00:00,BMY,call,0.3,2025-04-09 16:19:54+00:00,2025-04-11 00:00:00+00:00,50.45,52.0,54.0,2.0,0.55,2.636,50.7,0.0,-0.55,-1.0
3759,2025-04-09 16:20:00+00:00,BMY,call,0.35,2025-04-09 16:19:54+00:00,2025-04-11 00:00:00+00:00,50.45,52.0,54.0,2.0,0.55,2.636,50.7,0.0,-0.55,-1.0
3763,2025-04-09 19:30:00+00:00,COST,call,0.5,2025-04-09 19:29:53+00:00,2025-04-11 00:00:00+00:00,958.27,960.0,985.0,25.0,11.6,1.155,961.92,1.92,-9.68,-0.834
3764,2025-04-09 17:00:00+00:00,CRM,call,0.1,2025-04-09 16:59:53+00:00,2025-04-11 00:00:00+00:00,244.93,265.0,270.0,5.0,0.4,11.5,254.95,0.0,-0.4,-1.0
3764,2025-04-09 17:00:00+00:00,CRM,call,0.15,2025-04-09 16:59:53+00:00,2025-04-11 00:00:00+00:00,244.93,260.0,267.5,7.5,0.9,7.333,254.95,0.0,-0.9,-1.0
3764,2025-04-09 17:00:00+00:00,CRM,call,0.2,2025-04-09 16:59:53+00:00,2025-04-11 00:00:00+00:00,244.93,257.5,265.0,7.5,1.17,5.41,254.95,0.0,-1.17,-1.0
3764,2025-04-09 17:00:00+00:00,CRM,call,0.25,2025-04-09 16:59:53+00:00,2025-04-11 00:00:00+00:00,244.93,255.0,262.5,7.5,1.56,3.808,254.95,0.0,-1.56,-1.0
3764,2025-04-09 17:00:00+00:00,CRM,call,0.3,2025-04-09 16:59:53+00:00,2025-04-11 00:00:00+00:00,244.93,252.5,260.0,7.5,1.95,2.846,254.95,2.45,0.5,0.256
3764,2025-04-09 17:00:00+00:00,CRM,call,0.35,2025-04-09 16:59:53+00:00,2025-04-11 00:00:00+00:00,244.93,250.0,257.5,7.5,2.42,2.099,254.95,4.95,2.53,1.045
3764,2025-04-09 17:00:00+00:00,CRM,call,0.4,2025-04-09 16:59:53+00:00,2025-04-11 00:00:00+00:00,244.93,250.0,257.5,7.5,2.42,2.099,254.95,4.95,2.53,1.045
3764,2025-04-09 17:00:00+00:00,CRM,call,0.45,2025-04-09 16:59:53+00:00,2025-04-11 00:00:00+00:00,244.93,247.5,257.5,10.0,3.47,1.882,254.95,7.45,3.98,1.147
3764,2025-04-09 17:00:00+00:00,CRM,call,0.5,2025-04-09 16:59:53+00:00,2025-04-11 00:00:00+00:00,244.93,245.0,255.0,10.0,4.21,1.375,254.95,9.95,5.74,1.363
3764,2025-04-09 17:00:00+00:00,CRM,call,0.55,2025-04-09 16:59:53+00:00,2025-04-11 00:00:00+00:00,244.93,242.5,255.0,12.5,5.56,1.248,254.95,12.45,6.89,1.239
3764,2025-04-09 17:00:00+00:00,CRM,call,0.6,2025-04-09 16:59:53+00:00,2025-04-11 00:00:00+00:00,244.93,240.0,252.5,12.5,6.38,0.959,254.95,12.5,6.12,0.959
3764,2025-04-09 17:00:00+00:00,CRM,call,0.65,2025-04-09 16:59:53+00:00,2025-04-11 00:00:00+00:00,244.93,237.5,252.5,15.0,8.18,0.834,254.95,15.0,6.82,0.834
3767,2025-04-09 16:20:00+00:00,DKS,call,0.55,2025-04-09 16:19:51+00:00,2025-04-11 00:00:00+00:00,170.24,170.0,182.5,12.5,5.6,1.232,185.92,12.5,6.9,1.232
3767,2025-04-09 16:20:00+00:00,DKS,call,0.6,2025-04-09 16:19:51+00:00,2025-04-11 00:00:00+00:00,170.24,167.5,182.5,15.0,7.0,1.143,185.92,15.0,8.0,1.143
3772,2025-04-09 16:15:00+00:00,GE,call,0.15,2025-04-09 16:14:55+00:00,2025-04-11 00:00:00+00:00,170.77,182.5,187.5,5.0,0.52,8.615,181.37,0.0,-0.52,-1.0
3772,2025-04-09 16:15:00+00:00,GE,call,0.2,2025-04-09 16:14:55+00:00,2025-04-11 00:00:00+00:00,170.77,180.0,185.0,5.0,0.78,5.41,181.37,1.37,0.59,0.756
3772,2025-04-09 16:15:00+00:00,GE,call,0.25,2025-04-09 16:14:55+00:00,2025-04-11 00:00:00+00:00,170.77,177.5,182.5,5.0,1.19,3.202,181.37,3.87,2.68,2.252
3772,2025-04-09 16:15:00+00:00,GE,call,0.3,2025-04-09 16:14:55+00:00,2025-04-11 00:00:00+00:00,170.77,177.5,182.5,5.0,1.19,3.202,181.37,3.87,2.68,2.252
3772,2025-04-09 16:15:00+00:00,GE,call,0.35,2025-04-09 16:14:55+00:00,2025-04-11 00:00:00+00:00,170.77,175.0,180.0,5.0,1.66,2.012,181.37,5.0,3.34,2.012
3772,2025-04-09 16:15:00+00:00,GE,call,0.4,2025-04-09 16:14:55+00:00,2025-04-11 00:00:00+00:00,170.77,175.0,180.0,5.0,1.66,2.012,181.37,5.0,3.34,2.012
3772,2025-04-09 16:15:00+00:00,GE,call,0.55,2025-04-09 16:14:55+00:00,2025-04-11 00:00:00+00:00,170.77,170.0,177.5,7.5,3.53,1.125,181.37,7.5,3.97,1.125
3772,2025-04-09 16:15:00+00:00,GE,call,0.6,2025-04-09 16:14:55+00:00,2025-04-11 00:00:00+00:00,170.77,167.5,177.5,10.0,5.18,0.931,181.37,10.0,4.82,0.931
3772,2025-04-09 16:15:00+00:00,GE,call,0.65,2025-04-09 16:14:55+00:00,2025-04-11 00:00:00+00:00,170.77,167.5,177.5,10.0,5.18,0.931,181.37,10.0,4.82,0.931
3779,2025-04-09 18:00:00+00:00,LOW,call,0.45,2025-04-08 18:49:49+00:00,2025-04-11 00:00:00+00:00,213.51,215.0,222.5,7.5,3.7,1.027,220.14,5.14,1.44,0.389
3779,2025-04-09 18:00:00+00:00,LOW,call,0.5,2025-04-08 18:49:49+00:00,2025-04-11 00:00:00+00:00,213.51,215.0,222.5,7.5,3.7,1.027,220.14,5.14,1.44,0.389
3781,2025-04-09 16:25:00+00:00,LUV,call,0.3,2025-04-09 16:24:57+00:00,2025-04-11 00:00:00+00:00,25.15,26.0,27.0,1.0,0.3,2.333,26.2,0.2,-0.1,-0.333
3781,2025-04-09 16:25:00+00:00,LUV,call,0.35,2025-04-09 16:24:57+00:00,2025-04-11 00:00:00+00:00,25.15,26.0,27.0,1.0,0.3,2.333,26.2,0.2,-0.1,-0.333
3781,2025-04-09 16:25:00+00:00,LUV,call,0.4,2025-04-09 16:24:57+00:00,2025-04-11 00:00:00+00:00,25.15,25.5,26.5,1.0,0.44,1.273,26.2,0.7,0.26,0.591
3781,2025-04-09 16:25:00+00:00,LUV,call,0.45,2025-04-09 16:24:57+00:00,2025-04-11 00:00:00+00:00,25.15,25.5,26.5,1.0,0.44,1.273,26.2,0.7,0.26,0.591
3781,2025-04-09 16:25:00+00:00,LUV,call,0.5,2025-04-09 16:24:57+00:00,2025-04-11 00:00:00+00:00,25.15,25.0,26.5,1.5,0.72,1.083,26.2,1.2,0.48,0.667
3781,2025-04-09 16:25:00+00:00,LUV,call,0.55,2025-04-09 16:24:57+00:00,2025-04-11 00:00:00+00:00,25.15,25.0,26.5,1.5,0.72,1.083,26.2,1.2,0.48,0.667
3782,2025-04-09 15:30:00+00:00,MAR,call,0.45,2025-04-09 15:29:51+00:00,2025-04-11 00:00:00+00:00,210.93,212.5,222.5,10.0,5.0,1.0,225.04,10.0,5.0,1.0
3785,2025-04-09 15:20:00+00:00,META,call,0.1,2025-04-09 15:19:51+00:00,2025-04-11 00:00:00+00:00,510.65,555.0,570.0,15.0,1.01,13.851,543.28,0.0,-1.01,-1.0
3785,2025-04-09 15:20:00+00:00,META,call,0.15,2025-04-09 15:19:51+00:00,2025-04-11 00:00:00+00:00,510.65,547.5,562.5,15.0,1.62,8.259,543.28,0.0,-1.62,-1.0
3785,2025-04-09 15:20:00+00:00,META,call,0.2,2025-04-09 15:19:51+00:00,2025-04-11 00:00:00+00:00,510.65,540.0,555.0,15.0,2.49,5.024,543.28,3.28,0.79,0.317
3785,2025-04-09 15:20:00+00:00,META,call,0.25,2025-04-09 15:19:51+00:00,2025-04-11 00:00:00+00:00,510.65,535.0,550.0,15.0,3.18,3.717,543.28,8.28,5.1,1.604
3785,2025-04-09 15:20:00+00:00,META,call,0.3,2025-04-09 15:19:51+00:00,2025-04-11 00:00:00+00:00,510.65,530.0,547.5,17.5,4.37,3.005,543.28,13.28,8.91,2.039
3785,2025-04-09 15:20:00+00:00,META,call,0.35,2025-04-09 15:19:51+00:00,2025-04-11 00:00:00+00:00,510.65,525.0,542.5,17.5,5.45,2.211,543.28,17.5,12.05,2.211
3785,2025-04-09 15:20:00+00:00,META,call,0.4,2025-04-09 15:19:51+00:00,2025-04-11 00:00:00+00:00,510.65,522.5,542.5,20.0,6.45,2.101,543.28,20.0,13.55,2.101
3785,2025-04-09 15:20:00+00:00,META,call,0.45,2025-04-09 15:19:51+00:00,2025-04-11 00:00:00+00:00,510.65,517.5,537.5,20.0,7.6,1.632,543.28,20.0,12.4,1.632
3785,2025-04-09 15:20:00+00:00,META,call,0.5,2025-04-09 15:19:51+00:00,2025-04-11 00:00:00+00:00,510.65,512.5,535.0,22.5,9.55,1.356,543.28,22.5,12.95,1.356
3785,2025-04-09 15:20:00+00:00,META,call,0.55,2025-04-09 15:19:51+00:00,2025-04-11 00:00:00+00:00,510.65,507.5,532.5,25.0,11.65,1.146,543.28,25.0,13.35,1.146
3785,2025-04-09 15:20:00+00:00,META,call,0.6,2025-04-09 15:19:51+00:00,2025-04-11 00:00:00+00:00,510.65,502.5,530.0,27.5,14.0,0.964,543.28,27.5,13.5,0.964
3785,2025-04-09 15:20:00+00:00,META,call,0.65,2025-04-09 15:19:51+00:00,2025-04-11 00:00:00+00:00,510.65,497.5,527.5,30.0,16.4,0.829,543.28,30.0,13.6,0.829
3786,2025-04-09 18:00:00+00:00,MSFT,call,0.2,2025-04-09 17:59:48+00:00,2025-04-11 00:00:00+00:00,384.13,397.5,402.5,5.0,1.04,3.808,387.57,0.0,-1.04,-1.0
3786,2025-04-09 18:00:00+00:00,MSFT,call,0.25,2025-04-09 17:59:48+00:00,2025-04-11 00:00:00+00:00,384.13,395.0,402.5,7.5,1.68,3.464,387.57,0.0,-1.68,-1.0
3786,2025-04-09 18:00:00+00:00,MSFT,call,0.3,2025-04-09 17:59:48+00:00,2025-04-11 00:00:00+00:00,384.13,392.5,400.0,7.5,2.13,2.521,387.57,0.0,-2.13,-1.0
3786,2025-04-09 18:00:00+00:00,MSFT,call,0.35,2025-04-09 17:59:48+00:00,2025-04-11 00:00:00+00:00,384.13,390.0,397.5,7.5,2.59,1.896,387.57,0.0,-2.59,-1.0
3786,2025-04-09 18:00:00+00:00,MSFT,call,0.4,2025-04-09 17:59:48+00:00,2025-04-11 00:00:00+00:00,384.13,387.5,397.5,10.0,3.74,1.674,387.57,0.07,-3.67,-0.981
3786,2025-04-09 18:00:00+00:00,MSFT,call,0.45,2025-04-09 17:59:48+00:00,2025-04-11 00:00:00+00:00,384.13,387.5,397.5,10.0,3.74,1.674,387.57,0.07,-3.67,-0.981
3786,2025-04-09 18:00:00+00:00,MSFT,call,0.5,2025-04-09 17:59:48+00:00,2025-04-11 00:00:00+00:00,384.13,385.0,395.0,10.0,4.42,1.262,387.57,2.57,-1.85,-0.419
3786,2025-04-09 18:00:00+00:00,MSFT,call,0.55,2025-04-09 17:59:48+00:00,2025-04-11 00:00:00+00:00,384.13,382.5,395.0,12.5,5.87,1.129,387.57,5.07,-0.8,-0.136
3786,2025-04-09 18:00:00+00:00,MSFT,call,0.6,2025-04-09 17:59:48+00:00,2025-04-11 00:00:00+00:00,384.13,380.0,392.5,12.5,6.65,0.88,387.57,7.57,0.92,0.138
3787,2025-04-09 17:05:00+00:00,MU,call,0.15,2025-04-09 17:04:53+00:00,2025-04-11 00:00:00+00:00,65.99,74.0,78.0,4.0,0.25,15.0,69.52,0.0,-0.25,-1.0
3787,2025-04-09 17:05:00+00:00,MU,call,0.2,2025-04-09 17:04:53+00:00,2025-04-11 00:00:00+00:00,65.99,72.0,76.0,4.0,0.44,8.091,69.52,0.0,-0.44,-1.0
3787,2025-04-09 17:05:00+00:00,MU,call,0.25,2025-04-09 17:04:53+00:00,2025-04-11 00:00:00+00:00,65.99,71.0,75.0,4.0,0.57,6.018,69.52,0.0,-0.57,-1.0
3787,2025-04-09 17:05:00+00:00,MU,call,0.3,2025-04-09 17:04:53+00:00,2025-04-11 00:00:00+00:00,65.99,70.0,74.0,4.0,0.73,4.479,69.52,0.0,-0.73,-1.0
3787,2025-04-09 17:05:00+00:00,MU,call,0.35,2025-04-09 17:04:53+00:00,2025-04-11 00:00:00+00:00,65.99,69.0,73.0,4.0,0.93,3.301,69.52,0.52,-0.41,-0.441
3787,2025-04-09 17:05:00+00:00,MU,call,0.4,2025-04-09 17:04:53+00:00,2025-04-11 00:00:00+00:00,65.99,68.0,72.0,4.0,1.15,2.478,69.52,1.52,0.37,0.322
3787,2025-04-09 17:05:00+00:00,MU,call,0.45,2025-04-09 17:04:53+00:00,2025-04-11 00:00:00+00:00,65.99,67.0,71.0,4.0,1.4,1.857,69.52,2.52,1.12,0.8
3787,2025-04-09 17:05:00+00:00,MU,call,0.5,2025-04-09 17:04:53+00:00,2025-04-11 00:00:00+00:00,65.99,66.0,70.0,4.0,1.65,1.424,69.52,3.52,1.87,1.133
3787,2025-04-09 17:05:00+00:00,MU,call,0.55,2025-04-09 17:04:53+00:00,2025-04-11 00:00:00+00:00,65.99,66.0,70.0,4.0,1.65,1.424,69.52,3.52,1.87,1.133
3787,2025-04-09 17:05:00+00:00,MU,call,0.6,2025-04-09 17:04:53+00:00,2025-04-11 00:00:00+00:00,65.99,65.0,70.0,5.0,2.24,1.232,69.52,4.52,2.28,1.018
3787,2025-04-09 17:05:00+00:00,MU,call,0.65,2025-04-09 17:04:53+00:00,2025-04-11 00:00:00+00:00,65.99,64.0,69.0,5.0,2.54,0.969,69.52,5.0,2.46,0.969
3787,2025-04-09 17:05:00+00:00,MU,call,0.7,2025-04-09 17:04:53+00:00,2025-04-11 00:00:00+00:00,65.99,63.0,69.0,6.0,3.19,0.881,69.52,6.0,2.81,0.881
3788,2025-04-09 16:55:00+00:00,NKE,call,0.1,2025-04-09 16:54:50+00:00,2025-04-11 00:00:00+00:00,53.67,60.0,64.0,4.0,0.11,35.364,54.32,0.0,-0.11,-1.0
3788,2025-04-09 16:55:00+00:00,NKE,call,0.15,2025-04-09 16:54:50+00:00,2025-04-11 00:00:00+00:00,53.67,58.0,61.0,3.0,0.25,11.0,54.32,0.0,-0.25,-1.0
3788,2025-04-09 16:55:00+00:00,NKE,call,0.2,2025-04-09 16:54:50+00:00,2025-04-11 00:00:00+00:00,53.67,57.0,60.0,3.0,0.41,6.317,54.32,0.0,-0.41,-1.0
3788,2025-04-09 16:55:00+00:00,NKE,call,0.25,2025-04-09 16:54:50+00:00,2025-04-11 00:00:00+00:00,53.67,56.0,58.0,2.0,0.48,3.167,54.32,0.0,-0.48,-1.0
3788,2025-04-09 16:55:00+00:00,NKE,call,0.3,2025-04-09 16:54:50+00:00,2025-04-11 00:00:00+00:00,53.67,56.0,58.0,2.0,0.48,3.167,54.32,0.0,-0.48,-1.0
3788,2025-04-09 16:55:00+00:00,NKE,call,0.35,2025-04-09 16:54:50+00:00,2025-04-11 00:00:00+00:00,53.67,55.0,57.0,2.0,0.64,2.125,54.32,0.0,-0.64,-1.0
3788,2025-04-09 16:55:00+00:00,NKE,call,0.4,2025-04-09 16:54:50+00:00,2025-04-11 00:00:00+00:00,53.67,55.0,57.0,2.0,0.64,2.125,54.32,0.0,-0.64,-1.0
3788,2025-04-09 16:55:00+00:00,NKE,call,0.45,2025-04-09 16:54:50+00:00,2025-04-11 00:00:00+00:00,53.67,54.0,57.0,3.0,1.09,1.752,54.32,0.32,-0.77,-0.706
3788,2025-04-09 16:55:00+00:00,NKE,call,0.5,2025-04-09 16:54:50+00:00,2025-04-11 00:00:00+00:00,53.67,54.0,57.0,3.0,1.09,1.752,54.32,0.32,-0.77,-0.706
3788,2025-04-09 16:55:00+00:00,NKE,call,0.55,2025-04-09 16:54:50+00:00,2025-04-11 00:00:00+00:00,53.67,53.0,56.0,3.0,1.38,1.174,54.32,1.32,-0.06,-0.043
3788,2025-04-09 16:55:00+00:00,NKE,call,0.6,2025-04-09 16:54:50+00:00,2025-04-11 00:00:00+00:00,53.67,53.0,56.0,3.0,1.38,1.174,54.32,1.32,-0.06,-0.043
3788,2025-04-09 16:55:00+00:00,NKE,call,0.65,2025-04-09 16:54:50+00:00,2025-04-11 00:00:00+00:00,53.67,52.0,55.0,3.0,1.65,0.818,54.32,2.32,0.67,0.406
3788,2025-04-09 16:55:00+00:00,NKE,call,0.7,2025-04-09 16:54:50+00:00,2025-04-11 00:00:00+00:00,53.67,52.0,55.0,3.0,1.65,0.818,54.32,2.32,0.67,0.406
3791,2025-04-09 16:35:00+00:00,PLTR,call,0.1,2025-04-09 16:34:47+00:00,2025-04-11 00:00:00+00:00,79.47,90.0,93.0,3.0,0.21,13.286,88.52,0.0,-0.21,-1.0
3791,2025-04-09 16:35:00+00:00,PLTR,call,0.15,2025-04-09 16:34:47+00:00,2025-04-11 00:00:00+00:00,79.47,88.0,91.0,3.0,0.35,7.571,88.52,0.52,0.17,0.486
3791,2025-04-09 16:35:00+00:00,PLTR,call,0.2,2025-04-09 16:34:47+00:00,2025-04-11 00:00:00+00:00,79.47,87.0,91.0,4.0,0.53,6.547,88.52,1.52,0.99,1.868
3791,2025-04-09 16:35:00+00:00,PLTR,call,0.25,2025-04-09 16:34:47+00:00,2025-04-11 00:00:00+00:00,79.47,85.0,89.0,4.0,0.82,3.878,88.52,3.52,2.7,3.293
3791,2025-04-09 16:35:00+00:00,PLTR,call,0.3,2025-04-09 16:34:47+00:00,2025-04-11 00:00:00+00:00,79.47,84.0,88.0,4.0,0.98,3.082,88.52,4.0,3.02,3.082
3791,2025-04-09 16:35:00+00:00,PLTR,call,0.35,2025-04-09 16:34:47+00:00,2025-04-11 00:00:00+00:00,79.47,83.0,87.0,4.0,1.16,2.448,88.52,4.0,2.84,2.448
3791,2025-04-09 16:35:00+00:00,PLTR,call,0.4,2025-04-09 16:34:47+00:00,2025-04-11 00:00:00+00:00,79.47,82.0,87.0,5.0,1.56,2.205,88.52,5.0,3.44,2.205
3791,2025-04-09 16:35:00+00:00,PLTR,call,0.45,2025-04-09 16:34:47+00:00,2025-04-11 00:00:00+00:00,79.47,81.0,86.0,5.0,1.79,1.793,88.52,5.0,3.21,1.793
3791,2025-04-09 16:35:00+00:00,PLTR,call,0.5,2025-04-09 16:34:47+00:00,2025-04-11 00:00:00+00:00,79.47,80.0,85.0,5.0,2.05,1.439,88.52,5.0,2.95,1.439
3791,2025-04-09 16:35:00+00:00,PLTR,call,0.55,2025-04-09 16:34:47+00:00,2025-04-11 00:00:00+00:00,79.47,79.0,85.0,6.0,2.6,1.308,88.52,6.0,3.4,1.308
3791,2025-04-09 16:35:00+00:00,PLTR,call,0.6,2025-04-09 16:34:47+00:00,2025-04-11 00:00:00+00:00,79.47,78.0,84.0,6.0,2.9,1.069,88.52,6.0,3.1,1.069
3791,2025-04-09 16:35:00+00:00,PLTR,call,0.65,2025-04-09 16:34:47+00:00,2025-04-11 00:00:00+00:00,79.47,77.0,84.0,7.0,3.5,1.0,88.52,7.0,3.5,1.0
3795,2025-04-09 16:15:00+00:00,SHOP,call,0.15,2025-04-09 16:14:44+00:00,2025-04-11 00:00:00+00:00,76.5,85.0,88.0,3.0,0.37,7.108,83.6,0.0,-0.37,-1.0
3795,2025-04-09 16:15:00+00:00,SHOP,call,0.2,2025-04-09 16:14:44+00:00,2025-04-11 00:00:00+00:00,76.5,84.0,88.0,4.0,0.51,6.843,83.6,0.0,-0.51,-1.0
3795,2025-04-09 16:15:00+00:00,SHOP,call,0.25,2025-04-09 16:14:44+00:00,2025-04-11 00:00:00+00:00,76.5,82.0,86.0,4.0,0.81,3.938,83.6,1.6,0.79,0.975
3795,2025-04-09 16:15:00+00:00,SHOP,call,0.3,2025-04-09 16:14:44+00:00,2025-04-11 00:00:00+00:00,76.5,81.0,85.0,4.0,0.98,3.082,83.6,2.6,1.62,1.653
3795,2025-04-09 16:15:00+00:00,SHOP,call,0.35,2025-04-09 16:14:44+00:00,2025-04-11 00:00:00+00:00,76.5,80.0,84.0,4.0,1.16,2.448,83.6,3.6,2.44,2.103
3795,2025-04-09 16:15:00+00:00,SHOP,call,0.4,2025-04-09 16:14:44+00:00,2025-04-11 00:00:00+00:00,76.5,79.0,84.0,5.0,1.55,2.226,83.6,4.6,3.05,1.968
3795,2025-04-09 16:15:00+00:00,SHOP,call,0.45,2025-04-09 16:14:44+00:00,2025-04-11 00:00:00+00:00,76.5,78.0,83.0,5.0,1.83,1.732,83.6,5.0,3.17,1.732
3795,2025-04-09 16:15:00+00:00,SHOP,call,0.5,2025-04-09 16:14:44+00:00,2025-04-11 00:00:00+00:00,76.5,77.0,82.0,5.0,2.11,1.37,83.6,5.0,2.89,1.37
3795,2025-04-09 16:15:00+00:00,SHOP,call,0.55,2025-04-09 16:14:44+00:00,2025-04-11 00:00:00+00:00,76.5,76.0,82.0,6.0,2.66,1.256,83.6,6.0,3.34,1.256
3795,2025-04-09 16:15:00+00:00,SHOP,call,0.6,2025-04-09 16:14:44+00:00,2025-04-11 00:00:00+00:00,76.5,75.0,81.0,6.0,2.97,1.02,83.6,6.0,3.03,1.02
3795,2025-04-09 16:15:00+00:00,SHOP,call,0.65,2025-04-09 16:14:44+00:00,2025-04-11 00:00:00+00:00,76.5,74.0,81.0,7.0,3.62,0.934,83.6,7.0,3.38,0.934
